SeriesId,Month,Day,BibleReading,PrimaryBookPageRange,PrimaryBookPageStart,PrimaryBookPageEnd,SecondaryBookPageRange,SecondaryBookPageStart,SecondaryBookPageEnd,SortOrder,FullTextPrimary,FullTextSecondary,SummaryPoints
3,1,1,Gen 35:17,Patriarchs and Prophets pp. 1-4,1,4,,,,101,Sample text from Patriarchs and Prophets pages 1-4. This is placeholder content for the daily reading.,,- Reading covers Patriarchs and Prophets pages 1-4 | Key theme: Faith and obedience | Application: Reflect on God's guidance
3,1,2,Gen 28:4,Patriarchs and Prophets pp. 5-8,5,8,,,,102,Sample text from Patriarchs and Prophets pages 5-8. This is placeholder content for the daily reading.,,- Reading covers Patriarchs and Prophets pages 5-8 | Key theme: Faith and obedience | Application: Reflect on God's guidance
3,1,3,Gen 47:7,Patriarchs and Prophets pp. 9-12,9,12,,,,103,Sample text from Patriarchs and Prophets pages 9-12. This is placeholder content for the daily reading.,,- Reading covers Patriarchs and Prophets pages 9-12 | Key theme: Faith and obedience | Application: Reflect on God's guidance
3,1,4,Gen 25:16,Patriarchs and Prophets pp. 13-17,13,17,,,,104,Sample text from Patriarchs and Prophets pages 13-17. This is placeholder content for the daily reading.,,- Reading covers Patriarchs and Prophets pages 13-17 | Key theme: Faith and obedience | Application: Reflect on God's guidance
3,1,5,Gen 2:2,Patriarchs and Prophets pp. 18-23,18,23,,,,105,Sample text from Patriarchs and Prophets pages 18-23. This is placeholder content for the daily reading.,,- Reading covers Patriarchs and Prophets pages 18-23 | Key theme: Faith and obedience | Application: Reflect on God's guidance
3,1,6,Gen 7:17,Patriarchs and Prophets pp. 24-29,24,29,,,,106,Sample text from Patriarchs and Prophets pages 24-29. This is placeholder content for the daily reading.,,- Reading covers Patriarchs and Prophets pages 24-29 | Key theme: Faith and obedience | Application: Reflect on God's guidance
3,1,7,Gen 24:5,Patriarchs and Prophets pp. 30-35,30,35,,,,107,Sample text from Patriarchs and Prophets pages 30-35. This is placeholder content for the daily reading.,,- Reading covers Patriarchs and Prophets pages 30-35 | Key theme: Faith and obedience | Application: Reflect on God's guidance
3,1,8,Gen 25:2,Patriarchs and Prophets pp. 36-40,36,40,,,,108,Sample text from Patriarchs and Prophets pages 36-40. This is placeholder content for the daily reading.,,- Reading covers Patriarchs and Prophets pages 36-40 | Key theme: Faith and obedience | Application: Reflect on God's guidance
3,1,9,Gen 23:10,Patriarchs and Prophets pp. 41-46,41,46,,,,109,Sample text from Patriarchs and Prophets pages 41-46. This is placeholder content for the daily reading.,,- Reading covers Patriarchs and Prophets pages 41-46 | Key theme: Faith and obedience | Application: Reflect on God's guidance
3,1,10,Gen 19:10,Patriarchs and Prophets pp. 47-51,47,51,,,,110,Sample text from Patriarchs and Prophets pages 47-51. This is placeholder content for the daily reading.,,- Reading covers Patriarchs and Prophets pages 47-51 | Key theme: Faith and obedience | Application: Reflect on God's guidance
3,1,11,Gen 12:10,Patriarchs and Prophets pp. 52-55,52,55,,,,111,Sample text from Patriarchs and Prophets pages 52-55. This is placeholder content for the daily reading.,,- Reading covers Patriarchs and Prophets pages 52-55 | Key theme: Faith and obedience | Application: Reflect on God's guidance
3,1,12,Gen 34:17,Patriarchs and Prophets pp. 56-59,56,59,,,,112,Sample text from Patriarchs and Prophets pages 56-59. This is placeholder content for the daily reading.,,- Reading covers Patriarchs and Prophets pages 56-59 | Key theme: Faith and obedience | Application: Reflect on God's guidance
3,1,13,Gen 21:17,Patriarchs and Prophets pp. 60-64,60,64,,,,113,Sample text from Patriarchs and Prophets pages 60-64. This is placeholder content for the daily reading.,,- Reading covers Patriarchs and Prophets pages 60-64 | Key theme: Faith and obedience | Application: Reflect on God's guidance
3,1,14,Gen 40:11,Patriarchs and Prophets pp. 65-69,65,69,,,,114,Sample text from Patriarchs and Prophets pages 65-69. This is placeholder content for the daily reading.,,- Reading covers Patriarchs and Prophets pages 65-69 | Key theme: Faith and obedience | Application: Reflect on God's guidance
3,1,15,Gen 31:10,Patriarchs and Prophets pp. 70-75,70,75,,,,115,Sample text from Patriarchs and Prophets pages 70-75. This is placeholder content for the daily reading.,,- Reading covers Patriarchs and Prophets pages 70-75 | Key theme: Faith and obedience | Application: Reflect on God's guidance
3,1,16,Gen 18:10,Patriarchs and Prophets pp. 76-80,76,80,,,,116,Sample text from Patriarchs and Prophets pages 76-80. This is placeholder content for the daily reading.,,- Reading covers Patriarchs and Prophets pages 76-80 | Key theme: Faith and obedience | Application: Reflect on God's guidance
3,1,17,Gen 31:15,Patriarchs and Prophets pp. 81-85,81,85,,,,117,Sample text from Patriarchs and Prophets pages 81-85. This is placeholder content for the daily reading.,,- Reading covers Patriarchs and Prophets pages 81-85 | Key theme: Faith and obedience | Application: Reflect on God's guidance
3,1,18,Gen 40:2,Patriarchs and Prophets pp. 86-89,86,89,,,,118,Sample text from Patriarchs and Prophets pages 86-89. This is placeholder content for the daily reading.,,- Reading covers Patriarchs and Prophets pages 86-89 | Key theme: Faith and obedience | Application: Reflect on God's guidance
3,1,19,Gen 35:4,Patriarchs and Prophets pp. 90-95,90,95,,,,119,Sample text from Patriarchs and Prophets pages 90-95. This is placeholder content for the daily reading.,,- Reading covers Patriarchs and Prophets pages 90-95 | Key theme: Faith and obedience | Application: Reflect on God's guidance
3,1,20,Gen 11:2,Patriarchs and Prophets pp. 96-101,96,101,,,,120,Sample text from Patriarchs and Prophets pages 96-101. This is placeholder content for the daily reading.,,- Reading covers Patriarchs and Prophets pages 96-101 | Key theme: Faith and obedience | Application: Reflect on God's guidance
3,1,21,Gen 35:11,Patriarchs and Prophets pp. 102-107,102,107,,,,121,Sample text from Patriarchs and Prophets pages 102-107. This is placeholder content for the daily reading.,,- Reading covers Patriarchs and Prophets pages 102-107 | Key theme: Faith and obedience | Application: Reflect on God's guidance
3,1,22,Gen 5:5,Patriarchs and Prophets pp. 108-113,108,113,,,,122,Sample text from Patriarchs and Prophets pages 108-113. This is placeholder content for the daily reading.,,- Reading covers Patriarchs and Prophets pages 108-113 | Key theme: Faith and obedience | Application: Reflect on God's guidance
3,1,23,Gen 31:7,Patriarchs and Prophets pp. 114-117,114,117,,,,123,Sample text from Patriarchs and Prophets pages 114-117. This is placeholder content for the daily reading.,,- Reading covers Patriarchs and Prophets pages 114-117 | Key theme: Faith and obedience | Application: Reflect on God's guidance
3,1,24,Gen 20:14,Patriarchs and Prophets pp. 118-121,118,121,,,,124,Sample text from Patriarchs and Prophets pages 118-121. This is placeholder content for the daily reading.,,- Reading covers Patriarchs and Prophets pages 118-121 | Key theme: Faith and obedience | Application: Reflect on God's guidance
3,1,25,Gen 5:13,Patriarchs and Prophets pp. 122-127,122,127,,,,125,Sample text from Patriarchs and Prophets pages 122-127. This is placeholder content for the daily reading.,,- Reading covers Patriarchs and Prophets pages 122-127 | Key theme: Faith and obedience | Application: Reflect on God's guidance
3,1,26,Gen 37:17,Patriarchs and Prophets pp. 128-132,128,132,,,,126,Sample text from Patriarchs and Prophets pages 128-132. This is placeholder content for the daily reading.,,- Reading covers Patriarchs and Prophets pages 128-132 | Key theme: Faith and obedience | Application: Reflect on God's guidance
3,1,27,Gen 28:2,Patriarchs and Prophets pp. 133-137,133,137,,,,127,Sample text from Patriarchs and Prophets pages 133-137. This is placeholder content for the daily reading.,,- Reading covers Patriarchs and Prophets pages 133-137 | Key theme: Faith and obedience | Application: Reflect on God's guidance
3,1,28,Gen 6:15,Patriarchs and Prophets pp. 138-141,138,141,,,,128,Sample text from Patriarchs and Prophets pages 138-141. This is placeholder content for the daily reading.,,- Reading covers Patriarchs and Prophets pages 138-141 | Key theme: Faith and obedience | Application: Reflect on God's guidance
3,1,29,Gen 11:9,Patriarchs and Prophets pp. 142-147,142,147,,,,129,Sample text from Patriarchs and Prophets pages 142-147. This is placeholder content for the daily reading.,,- Reading covers Patriarchs and Prophets pages 142-147 | Key theme: Faith and obedience | Application: Reflect on God's guidance
3,1,30,Gen 14:19,Patriarchs and Prophets pp. 148-152,148,152,,,,130,Sample text from Patriarchs and Prophets pages 148-152. This is placeholder content for the daily reading.,,- Reading covers Patriarchs and Prophets pages 148-152 | Key theme: Faith and obedience | Application: Reflect on God's guidance
3,1,31,Gen 36:5,Patriarchs and Prophets pp. 153-158,153,158,,,,131,Sample text from Patriarchs and Prophets pages 153-158. This is placeholder content for the daily reading.,,- Reading covers Patriarchs and Prophets pages 153-158 | Key theme: Faith and obedience | Application: Reflect on God's guidance
3,2,1,Gen 49:2,Patriarchs and Prophets pp. 159-164,159,164,,,,201,Sample text from Patriarchs and Prophets pages 159-164. This is placeholder content for the daily reading.,,- Reading covers Patriarchs and Prophets pages 159-164 | Key theme: Faith and obedience | Application: Reflect on God's guidance
3,2,2,Gen 49:11,Patriarchs and Prophets pp. 165-170,165,170,,,,202,Sample text from Patriarchs and Prophets pages 165-170. This is placeholder content for the daily reading.,,- Reading covers Patriarchs and Prophets pages 165-170 | Key theme: Faith and obedience | Application: Reflect on God's guidance
3,2,3,Gen 7:14,Patriarchs and Prophets pp. 171-174,171,174,,,,203,Sample text from Patriarchs and Prophets pages 171-174. This is placeholder content for the daily reading.,,- Reading covers Patriarchs and Prophets pages 171-174 | Key theme: Faith and obedience | Application: Reflect on God's guidance
3,2,4,Gen 13:5,Patriarchs and Prophets pp. 175-178,175,178,,,,204,Sample text from Patriarchs and Prophets pages 175-178. This is placeholder content for the daily reading.,,- Reading covers Patriarchs and Prophets pages 175-178 | Key theme: Faith and obedience | Application: Reflect on God's guidance
3,2,5,Gen 4:14,Patriarchs and Prophets pp. 179-182,179,182,,,,205,Sample text from Patriarchs and Prophets pages 179-182. This is placeholder content for the daily reading.,,- Reading covers Patriarchs and Prophets pages 179-182 | Key theme: Faith and obedience | Application: Reflect on God's guidance
3,2,6,Gen 7:19,Patriarchs and Prophets pp. 183-187,183,187,,,,206,Sample text from Patriarchs and Prophets pages 183-187. This is placeholder content for the daily reading.,,- Reading covers Patriarchs and Prophets pages 183-187 | Key theme: Faith and obedience | Application: Reflect on God's guidance
3,2,7,Gen 10:13,Patriarchs and Prophets pp. 188-191,188,191,,,,207,Sample text from Patriarchs and Prophets pages 188-191. This is placeholder content for the daily reading.,,- Reading covers Patriarchs and Prophets pages 188-191 | Key theme: Faith and obedience | Application: Reflect on God's guidance
3,2,8,Gen 33:12,Patriarchs and Prophets pp. 192-195,192,195,,,,208,Sample text from Patriarchs and Prophets pages 192-195. This is placeholder content for the daily reading.,,- Reading covers Patriarchs and Prophets pages 192-195 | Key theme: Faith and obedience | Application: Reflect on God's guidance
3,2,9,Gen 6:17,Patriarchs and Prophets pp. 196-201,196,201,,,,209,Sample text from Patriarchs and Prophets pages 196-201. This is placeholder content for the daily reading.,,- Reading covers Patriarchs and Prophets pages 196-201 | Key theme: Faith and obedience | Application: Reflect on God's guidance
3,2,10,Gen 45:7,Patriarchs and Prophets pp. 202-207,202,207,,,,210,Sample text from Patriarchs and Prophets pages 202-207. This is placeholder content for the daily reading.,,- Reading covers Patriarchs and Prophets pages 202-207 | Key theme: Faith and obedience | Application: Reflect on God's guidance
3,2,11,Gen 25:13,Patriarchs and Prophets pp. 208-212,208,212,,,,211,Sample text from Patriarchs and Prophets pages 208-212. This is placeholder content for the daily reading.,,- Reading covers Patriarchs and Prophets pages 208-212 | Key theme: Faith and obedience | Application: Reflect on God's guidance
3,2,12,Gen 13:2,Patriarchs and Prophets pp. 213-217,213,217,,,,212,Sample text from Patriarchs and Prophets pages 213-217. This is placeholder content for the daily reading.,,- Reading covers Patriarchs and Prophets pages 213-217 | Key theme: Faith and obedience | Application: Reflect on God's guidance
3,2,13,Gen 34:15,Patriarchs and Prophets pp. 218-222,218,222,,,,213,Sample text from Patriarchs and Prophets pages 218-222. This is placeholder content for the daily reading.,,- Reading covers Patriarchs and Prophets pages 218-222 | Key theme: Faith and obedience | Application: Reflect on God's guidance
3,2,14,Gen 18:9,Patriarchs and Prophets pp. 223-227,223,227,,,,214,Sample text from Patriarchs and Prophets pages 223-227. This is placeholder content for the daily reading.,,- Reading covers Patriarchs and Prophets pages 223-227 | Key theme: Faith and obedience | Application: Reflect on God's guidance
3,2,15,Gen 42:17,Patriarchs and Prophets pp. 228-232,228,232,,,,215,Sample text from Patriarchs and Prophets pages 228-232. This is placeholder content for the daily reading.,,- Reading covers Patriarchs and Prophets pages 228-232 | Key theme: Faith and obedience | Application: Reflect on God's guidance
3,2,16,Gen 34:3,Patriarchs and Prophets pp. 233-237,233,237,,,,216,Sample text from Patriarchs and Prophets pages 233-237. This is placeholder content for the daily reading.,,- Reading covers Patriarchs and Prophets pages 233-237 | Key theme: Faith and obedience | Application: Reflect on God's guidance
3,2,17,Gen 48:3,Patriarchs and Prophets pp. 238-243,238,243,,,,217,Sample text from Patriarchs and Prophets pages 238-243. This is placeholder content for the daily reading.,,- Reading covers Patriarchs and Prophets pages 238-243 | Key theme: Faith and obedience | Application: Reflect on God's guidance
3,2,18,Gen 19:11,Patriarchs and Prophets pp. 244-247,244,247,,,,218,Sample text from Patriarchs and Prophets pages 244-247. This is placeholder content for the daily reading.,,- Reading covers Patriarchs and Prophets pages 244-247 | Key theme: Faith and obedience | Application: Reflect on God's guidance
3,2,19,Gen 37:7,Patriarchs and Prophets pp. 248-252,248,252,,,,219,Sample text from Patriarchs and Prophets pages 248-252. This is placeholder content for the daily reading.,,- Reading covers Patriarchs and Prophets pages 248-252 | Key theme: Faith and obedience | Application: Reflect on God's guidance
3,2,20,Gen 9:17,Patriarchs and Prophets pp. 253-257,253,257,,,,220,Sample text from Patriarchs and Prophets pages 253-257. This is placeholder content for the daily reading.,,- Reading covers Patriarchs and Prophets pages 253-257 | Key theme: Faith and obedience | Application: Reflect on God's guidance
3,2,21,Gen 21:5,Patriarchs and Prophets pp. 258-262,258,262,,,,221,Sample text from Patriarchs and Prophets pages 258-262. This is placeholder content for the daily reading.,,- Reading covers Patriarchs and Prophets pages 258-262 | Key theme: Faith and obedience | Application: Reflect on God's guidance
3,2,22,Gen 40:15,Patriarchs and Prophets pp. 263-267,263,267,,,,222,Sample text from Patriarchs and Prophets pages 263-267. This is placeholder content for the daily reading.,,- Reading covers Patriarchs and Prophets pages 263-267 | Key theme: Faith and obedience | Application: Reflect on God's guidance
3,2,23,Gen 29:16,Patriarchs and Prophets pp. 268-272,268,272,,,,223,Sample text from Patriarchs and Prophets pages 268-272. This is placeholder content for the daily reading.,,- Reading covers Patriarchs and Prophets pages 268-272 | Key theme: Faith and obedience | Application: Reflect on God's guidance
3,2,24,Gen 43:9,Patriarchs and Prophets pp. 273-277,273,277,,,,224,Sample text from Patriarchs and Prophets pages 273-277. This is placeholder content for the daily reading.,,- Reading covers Patriarchs and Prophets pages 273-277 | Key theme: Faith and obedience | Application: Reflect on God's guidance
3,2,25,Gen 47:16,Patriarchs and Prophets pp. 278-281,278,281,,,,225,Sample text from Patriarchs and Prophets pages 278-281. This is placeholder content for the daily reading.,,- Reading covers Patriarchs and Prophets pages 278-281 | Key theme: Faith and obedience | Application: Reflect on God's guidance
3,2,26,Gen 32:16,Patriarchs and Prophets pp. 282-285,282,285,,,,226,Sample text from Patriarchs and Prophets pages 282-285. This is placeholder content for the daily reading.,,- Reading covers Patriarchs and Prophets pages 282-285 | Key theme: Faith and obedience | Application: Reflect on God's guidance
3,2,27,Gen 15:9,Patriarchs and Prophets pp. 286-291,286,291,,,,227,Sample text from Patriarchs and Prophets pages 286-291. This is placeholder content for the daily reading.,,- Reading covers Patriarchs and Prophets pages 286-291 | Key theme: Faith and obedience | Application: Reflect on God's guidance
3,2,28,Gen 4:18,Patriarchs and Prophets pp. 292-297,292,297,,,,228,Sample text from Patriarchs and Prophets pages 292-297. This is placeholder content for the daily reading.,,- Reading covers Patriarchs and Prophets pages 292-297 | Key theme: Faith and obedience | Application: Reflect on God's guidance
3,3,1,Gen 17:3,Patriarchs and Prophets pp. 298-301,298,301,,,,301,Sample text from Patriarchs and Prophets pages 298-301. This is placeholder content for the daily reading.,,- Reading covers Patriarchs and Prophets pages 298-301 | Key theme: Faith and obedience | Application: Reflect on God's guidance
3,3,2,Gen 45:10,Patriarchs and Prophets pp. 302-305,302,305,,,,302,Sample text from Patriarchs and Prophets pages 302-305. This is placeholder content for the daily reading.,,- Reading covers Patriarchs and Prophets pages 302-305 | Key theme: Faith and obedience | Application: Reflect on God's guidance
3,3,3,Gen 3:10,Patriarchs and Prophets pp. 306-311,306,311,,,,303,Sample text from Patriarchs and Prophets pages 306-311. This is placeholder content for the daily reading.,,- Reading covers Patriarchs and Prophets pages 306-311 | Key theme: Faith and obedience | Application: Reflect on God's guidance
3,3,4,Gen 34:18,Patriarchs and Prophets pp. 312-317,312,317,,,,304,Sample text from Patriarchs and Prophets pages 312-317. This is placeholder content for the daily reading.,,- Reading covers Patriarchs and Prophets pages 312-317 | Key theme: Faith and obedience | Application: Reflect on God's guidance
3,3,5,Gen 1:1,Patriarchs and Prophets pp. 318-321,318,321,,,,305,Sample text from Patriarchs and Prophets pages 318-321. This is placeholder content for the daily reading.,,- Reading covers Patriarchs and Prophets pages 318-321 | Key theme: Faith and obedience | Application: Reflect on God's guidance
3,3,6,Gen 47:2,Patriarchs and Prophets pp. 322-325,322,325,,,,306,Sample text from Patriarchs and Prophets pages 322-325. This is placeholder content for the daily reading.,,- Reading covers Patriarchs and Prophets pages 322-325 | Key theme: Faith and obedience | Application: Reflect on God's guidance
3,3,7,Gen 7:3,Patriarchs and Prophets pp. 326-329,326,329,,,,307,Sample text from Patriarchs and Prophets pages 326-329. This is placeholder content for the daily reading.,,- Reading covers Patriarchs and Prophets pages 326-329 | Key theme: Faith and obedience | Application: Reflect on God's guidance
3,3,8,Gen 41:9,Patriarchs and Prophets pp. 330-335,330,335,,,,308,Sample text from Patriarchs and Prophets pages 330-335. This is placeholder content for the daily reading.,,- Reading covers Patriarchs and Prophets pages 330-335 | Key theme: Faith and obedience | Application: Reflect on God's guidance
3,3,9,Gen 18:3,Patriarchs and Prophets pp. 336-341,336,341,,,,309,Sample text from Patriarchs and Prophets pages 336-341. This is placeholder content for the daily reading.,,- Reading covers Patriarchs and Prophets pages 336-341 | Key theme: Faith and obedience | Application: Reflect on God's guidance
3,3,10,Gen 38:17,Patriarchs and Prophets pp. 342-346,342,346,,,,310,Sample text from Patriarchs and Prophets pages 342-346. This is placeholder content for the daily reading.,,- Reading covers Patriarchs and Prophets pages 342-346 | Key theme: Faith and obedience | Application: Reflect on God's guidance
3,3,11,Gen 47:7,Patriarchs and Prophets pp. 347-351,347,351,,,,311,Sample text from Patriarchs and Prophets pages 347-351. This is placeholder content for the daily reading.,,- Reading covers Patriarchs and Prophets pages 347-351 | Key theme: Faith and obedience | Application: Reflect on God's guidance
3,3,12,Gen 7:9,Patriarchs and Prophets pp. 352-355,352,355,,,,312,Sample text from Patriarchs and Prophets pages 352-355. This is placeholder content for the daily reading.,,- Reading covers Patriarchs and Prophets pages 352-355 | Key theme: Faith and obedience | Application: Reflect on God's guidance
3,3,13,Gen 23:13,Patriarchs and Prophets pp. 356-360,356,360,,,,313,Sample text from Patriarchs and Prophets pages 356-360. This is placeholder content for the daily reading.,,- Reading covers Patriarchs and Prophets pages 356-360 | Key theme: Faith and obedience | Application: Reflect on God's guidance
3,3,14,Gen 41:16,Patriarchs and Prophets pp. 361-364,361,364,,,,314,Sample text from Patriarchs and Prophets pages 361-364. This is placeholder content for the daily reading.,,- Reading covers Patriarchs and Prophets pages 361-364 | Key theme: Faith and obedience | Application: Reflect on God's guidance
3,3,15,Gen 15:5,Patriarchs and Prophets pp. 365-370,365,370,,,,315,Sample text from Patriarchs and Prophets pages 365-370. This is placeholder content for the daily reading.,,- Reading covers Patriarchs and Prophets pages 365-370 | Key theme: Faith and obedience | Application: Reflect on God's guidance
3,3,16,Gen 2:12,Patriarchs and Prophets pp. 371-376,371,376,,,,316,Sample text from Patriarchs and Prophets pages 371-376. This is placeholder content for the daily reading.,,- Reading covers Patriarchs and Prophets pages 371-376 | Key theme: Faith and obedience | Application: Reflect on God's guidance
3,3,17,Gen 32:7,Patriarchs and Prophets pp. 377-382,377,382,,,,317,Sample text from Patriarchs and Prophets pages 377-382. This is placeholder content for the daily reading.,,- Reading covers Patriarchs and Prophets pages 377-382 | Key theme: Faith and obedience | Application: Reflect on God's guidance
3,3,18,Gen 19:18,Patriarchs and Prophets pp. 383-387,383,387,,,,318,Sample text from Patriarchs and Prophets pages 383-387. This is placeholder content for the daily reading.,,- Reading covers Patriarchs and Prophets pages 383-387 | Key theme: Faith and obedience | Application: Reflect on God's guidance
3,3,19,Gen 26:10,Patriarchs and Prophets pp. 388-393,388,393,,,,319,Sample text from Patriarchs and Prophets pages 388-393. This is placeholder content for the daily reading.,,- Reading covers Patriarchs and Prophets pages 388-393 | Key theme: Faith and obedience | Application: Reflect on God's guidance
3,3,20,Gen 21:11,Patriarchs and Prophets pp. 394-399,394,399,,,,320,Sample text from Patriarchs and Prophets pages 394-399. This is placeholder content for the daily reading.,,- Reading covers Patriarchs and Prophets pages 394-399 | Key theme: Faith and obedience | Application: Reflect on God's guidance
3,3,21,Gen 13:6,Patriarchs and Prophets pp. 400-404,400,404,,,,321,Sample text from Patriarchs and Prophets pages 400-404. This is placeholder content for the daily reading.,,- Reading covers Patriarchs and Prophets pages 400-404 | Key theme: Faith and obedience | Application: Reflect on God's guidance
3,3,22,Gen 23:14,Patriarchs and Prophets pp. 405-409,405,409,,,,322,Sample text from Patriarchs and Prophets pages 405-409. This is placeholder content for the daily reading.,,- Reading covers Patriarchs and Prophets pages 405-409 | Key theme: Faith and obedience | Application: Reflect on God's guidance
3,3,23,Gen 44:17,Patriarchs and Prophets pp. 410-414,410,414,,,,323,Sample text from Patriarchs and Prophets pages 410-414. This is placeholder content for the daily reading.,,- Reading covers Patriarchs and Prophets pages 410-414 | Key theme: Faith and obedience | Application: Reflect on God's guidance
3,3,24,Gen 23:10,Patriarchs and Prophets pp. 415-419,415,419,,,,324,Sample text from Patriarchs and Prophets pages 415-419. This is placeholder content for the daily reading.,,- Reading covers Patriarchs and Prophets pages 415-419 | Key theme: Faith and obedience | Application: Reflect on God's guidance
3,3,25,Gen 49:6,Patriarchs and Prophets pp. 420-424,420,424,,,,325,Sample text from Patriarchs and Prophets pages 420-424. This is placeholder content for the daily reading.,,- Reading covers Patriarchs and Prophets pages 420-424 | Key theme: Faith and obedience | Application: Reflect on God's guidance
3,3,26,Gen 39:10,Patriarchs and Prophets pp. 425-428,425,428,,,,326,Sample text from Patriarchs and Prophets pages 425-428. This is placeholder content for the daily reading.,,- Reading covers Patriarchs and Prophets pages 425-428 | Key theme: Faith and obedience | Application: Reflect on God's guidance
3,3,27,Gen 41:7,Patriarchs and Prophets pp. 429-432,429,432,,,,327,Sample text from Patriarchs and Prophets pages 429-432. This is placeholder content for the daily reading.,,- Reading covers Patriarchs and Prophets pages 429-432 | Key theme: Faith and obedience | Application: Reflect on God's guidance
3,3,28,Gen 37:3,Patriarchs and Prophets pp. 433-437,433,437,,,,328,Sample text from Patriarchs and Prophets pages 433-437. This is placeholder content for the daily reading.,,- Reading covers Patriarchs and Prophets pages 433-437 | Key theme: Faith and obedience | Application: Reflect on God's guidance
3,3,29,Gen 5:11,Patriarchs and Prophets pp. 438-442,438,442,,,,329,Sample text from Patriarchs and Prophets pages 438-442. This is placeholder content for the daily reading.,,- Reading covers Patriarchs and Prophets pages 438-442 | Key theme: Faith and obedience | Application: Reflect on God's guidance
3,3,30,Gen 24:12,Patriarchs and Prophets pp. 443-447,443,447,,,,330,Sample text from Patriarchs and Prophets pages 443-447. This is placeholder content for the daily reading.,,- Reading covers Patriarchs and Prophets pages 443-447 | Key theme: Faith and obedience | Application: Reflect on God's guidance
3,3,31,Gen 47:1,Patriarchs and Prophets pp. 448-453,448,453,,,,331,Sample text from Patriarchs and Prophets pages 448-453. This is placeholder content for the daily reading.,,- Reading covers Patriarchs and Prophets pages 448-453 | Key theme: Faith and obedience | Application: Reflect on God's guidance
3,4,1,Gen 46:12,Patriarchs and Prophets pp. 454-457,454,457,,,,401,Sample text from Patriarchs and Prophets pages 454-457. This is placeholder content for the daily reading.,,- Reading covers Patriarchs and Prophets pages 454-457 | Key theme: Faith and obedience | Application: Reflect on God's guidance
3,4,2,Gen 14:17,Patriarchs and Prophets pp. 458-462,458,462,,,,402,Sample text from Patriarchs and Prophets pages 458-462. This is placeholder content for the daily reading.,,- Reading covers Patriarchs and Prophets pages 458-462 | Key theme: Faith and obedience | Application: Reflect on God's guidance
3,4,3,Gen 14:3,Patriarchs and Prophets pp. 463-467,463,467,,,,403,Sample text from Patriarchs and Prophets pages 463-467. This is placeholder content for the daily reading.,,- Reading covers Patriarchs and Prophets pages 463-467 | Key theme: Faith and obedience | Application: Reflect on God's guidance
3,4,4,Gen 10:4,Patriarchs and Prophets pp. 468-473,468,473,,,,404,Sample text from Patriarchs and Prophets pages 468-473. This is placeholder content for the daily reading.,,- Reading covers Patriarchs and Prophets pages 468-473 | Key theme: Faith and obedience | Application: Reflect on God's guidance
3,4,5,Gen 46:8,Patriarchs and Prophets pp. 474-479,474,479,,,,405,Sample text from Patriarchs and Prophets pages 474-479. This is placeholder content for the daily reading.,,- Reading covers Patriarchs and Prophets pages 474-479 | Key theme: Faith and obedience | Application: Reflect on God's guidance
3,4,6,Gen 26:15,Patriarchs and Prophets pp. 480-484,480,484,,,,406,Sample text from Patriarchs and Prophets pages 480-484. This is placeholder content for the daily reading.,,- Reading covers Patriarchs and Prophets pages 480-484 | Key theme: Faith and obedience | Application: Reflect on God's guidance
3,4,7,Gen 26:12,Patriarchs and Prophets pp. 485-490,485,490,,,,407,Sample text from Patriarchs and Prophets pages 485-490. This is placeholder content for the daily reading.,,- Reading covers Patriarchs and Prophets pages 485-490 | Key theme: Faith and obedience | Application: Reflect on God's guidance
3,4,8,Gen 45:10,Patriarchs and Prophets pp. 491-494,491,494,,,,408,Sample text from Patriarchs and Prophets pages 491-494. This is placeholder content for the daily reading.,,- Reading covers Patriarchs and Prophets pages 491-494 | Key theme: Faith and obedience | Application: Reflect on God's guidance
3,4,9,Gen 5:7,Patriarchs and Prophets pp. 495-498,495,498,,,,409,Sample text from Patriarchs and Prophets pages 495-498. This is placeholder content for the daily reading.,,- Reading covers Patriarchs and Prophets pages 495-498 | Key theme: Faith and obedience | Application: Reflect on God's guidance
3,4,10,Gen 10:8,Patriarchs and Prophets pp. 499-502,499,502,,,,410,Sample text from Patriarchs and Prophets pages 499-502. This is placeholder content for the daily reading.,,- Reading covers Patriarchs and Prophets pages 499-502 | Key theme: Faith and obedience | Application: Reflect on God's guidance
3,4,11,Gen 31:10,Patriarchs and Prophets pp. 503-506,503,506,,,,411,Sample text from Patriarchs and Prophets pages 503-506. This is placeholder content for the daily reading.,,- Reading covers Patriarchs and Prophets pages 503-506 | Key theme: Faith and obedience | Application: Reflect on God's guidance
3,4,12,Gen 14:2,Patriarchs and Prophets pp. 507-511,507,511,,,,412,Sample text from Patriarchs and Prophets pages 507-511. This is placeholder content for the daily reading.,,- Reading covers Patriarchs and Prophets pages 507-511 | Key theme: Faith and obedience | Application: Reflect on God's guidance
3,4,13,Gen 38:10,Patriarchs and Prophets pp. 512-517,512,517,,,,413,Sample text from Patriarchs and Prophets pages 512-517. This is placeholder content for the daily reading.,,- Reading covers Patriarchs and Prophets pages 512-517 | Key theme: Faith and obedience | Application: Reflect on God's guidance
3,4,14,Gen 32:11,Patriarchs and Prophets pp. 518-523,518,523,,,,414,Sample text from Patriarchs and Prophets pages 518-523. This is placeholder content for the daily reading.,,- Reading covers Patriarchs and Prophets pages 518-523 | Key theme: Faith and obedience | Application: Reflect on God's guidance
3,4,15,Gen 36:11,Patriarchs and Prophets pp. 524-527,524,527,,,,415,Sample text from Patriarchs and Prophets pages 524-527. This is placeholder content for the daily reading.,,- Reading covers Patriarchs and Prophets pages 524-527 | Key theme: Faith and obedience | Application: Reflect on God's guidance
3,4,16,Gen 36:4,Patriarchs and Prophets pp. 528-533,528,533,,,,416,Sample text from Patriarchs and Prophets pages 528-533. This is placeholder content for the daily reading.,,- Reading covers Patriarchs and Prophets pages 528-533 | Key theme: Faith and obedience | Application: Reflect on God's guidance
3,4,17,Gen 39:19,Patriarchs and Prophets pp. 534-537,534,537,,,,417,Sample text from Patriarchs and Prophets pages 534-537. This is placeholder content for the daily reading.,,- Reading covers Patriarchs and Prophets pages 534-537 | Key theme: Faith and obedience | Application: Reflect on God's guidance
3,4,18,Gen 47:9,Patriarchs and Prophets pp. 538-543,538,543,,,,418,Sample text from Patriarchs and Prophets pages 538-543. This is placeholder content for the daily reading.,,- Reading covers Patriarchs and Prophets pages 538-543 | Key theme: Faith and obedience | Application: Reflect on God's guidance
3,4,19,Gen 45:1,Patriarchs and Prophets pp. 544-548,544,548,,,,419,Sample text from Patriarchs and Prophets pages 544-548. This is placeholder content for the daily reading.,,- Reading covers Patriarchs and Prophets pages 544-548 | Key theme: Faith and obedience | Application: Reflect on God's guidance
3,4,20,Gen 18:4,Patriarchs and Prophets pp. 549-552,549,552,,,,420,Sample text from Patriarchs and Prophets pages 549-552. This is placeholder content for the daily reading.,,- Reading covers Patriarchs and Prophets pages 549-552 | Key theme: Faith and obedience | Application: Reflect on God's guidance
3,4,21,Gen 18:2,Patriarchs and Prophets pp. 553-557,553,557,,,,421,Sample text from Patriarchs and Prophets pages 553-557. This is placeholder content for the daily reading.,,- Reading covers Patriarchs and Prophets pages 553-557 | Key theme: Faith and obedience | Application: Reflect on God's guidance
3,4,22,Gen 25:11,Patriarchs and Prophets pp. 558-563,558,563,,,,422,Sample text from Patriarchs and Prophets pages 558-563. This is placeholder content for the daily reading.,,- Reading covers Patriarchs and Prophets pages 558-563 | Key theme: Faith and obedience | Application: Reflect on God's guidance
3,4,23,Gen 18:13,Patriarchs and Prophets pp. 564-569,564,569,,,,423,Sample text from Patriarchs and Prophets pages 564-569. This is placeholder content for the daily reading.,,- Reading covers Patriarchs and Prophets pages 564-569 | Key theme: Faith and obedience | Application: Reflect on God's guidance
3,4,24,Gen 44:15,Patriarchs and Prophets pp. 570-573,570,573,,,,424,Sample text from Patriarchs and Prophets pages 570-573. This is placeholder content for the daily reading.,,- Reading covers Patriarchs and Prophets pages 570-573 | Key theme: Faith and obedience | Application: Reflect on God's guidance
3,4,25,Gen 16:17,Patriarchs and Prophets pp. 574-577,574,577,,,,425,Sample text from Patriarchs and Prophets pages 574-577. This is placeholder content for the daily reading.,,- Reading covers Patriarchs and Prophets pages 574-577 | Key theme: Faith and obedience | Application: Reflect on God's guidance
3,4,26,Gen 1:4,Patriarchs and Prophets pp. 578-581,578,581,,,,426,Sample text from Patriarchs and Prophets pages 578-581. This is placeholder content for the daily reading.,,- Reading covers Patriarchs and Prophets pages 578-581 | Key theme: Faith and obedience | Application: Reflect on God's guidance
3,4,27,Gen 12:8,Patriarchs and Prophets pp. 582-587,582,587,,,,427,Sample text from Patriarchs and Prophets pages 582-587. This is placeholder content for the daily reading.,,- Reading covers Patriarchs and Prophets pages 582-587 | Key theme: Faith and obedience | Application: Reflect on God's guidance
3,4,28,Gen 48:8,Patriarchs and Prophets pp. 588-591,588,591,,,,428,Sample text from Patriarchs and Prophets pages 588-591. This is placeholder content for the daily reading.,,- Reading covers Patriarchs and Prophets pages 588-591 | Key theme: Faith and obedience | Application: Reflect on God's guidance
3,4,29,Gen 20:13,Patriarchs and Prophets pp. 592-596,592,596,,,,429,Sample text from Patriarchs and Prophets pages 592-596. This is placeholder content for the daily reading.,,- Reading covers Patriarchs and Prophets pages 592-596 | Key theme: Faith and obedience | Application: Reflect on God's guidance
3,4,30,Gen 1:8,Patriarchs and Prophets pp. 597-600,597,600,,,,430,Sample text from Patriarchs and Prophets pages 597-600. This is placeholder content for the daily reading.,,- Reading covers Patriarchs and Prophets pages 597-600 | Key theme: Faith and obedience | Application: Reflect on God's guidance
3,5,1,Gen 32:8,Patriarchs and Prophets pp. 601-604,601,604,,,,501,Sample text from Patriarchs and Prophets pages 601-604. This is placeholder content for the daily reading.,,- Reading covers Patriarchs and Prophets pages 601-604 | Key theme: Faith and obedience | Application: Reflect on God's guidance
3,5,2,Gen 10:6,Patriarchs and Prophets pp. 605-609,605,609,,,,502,Sample text from Patriarchs and Prophets pages 605-609. This is placeholder content for the daily reading.,,- Reading covers Patriarchs and Prophets pages 605-609 | Key theme: Faith and obedience | Application: Reflect on God's guidance
3,5,3,Gen 25:5,Patriarchs and Prophets pp. 610-614,610,614,,,,503,Sample text from Patriarchs and Prophets pages 610-614. This is placeholder content for the daily reading.,,- Reading covers Patriarchs and Prophets pages 610-614 | Key theme: Faith and obedience | Application: Reflect on God's guidance
3,5,4,Gen 13:7,Patriarchs and Prophets pp. 615-620,615,620,,,,504,Sample text from Patriarchs and Prophets pages 615-620. This is placeholder content for the daily reading.,,- Reading covers Patriarchs and Prophets pages 615-620 | Key theme: Faith and obedience | Application: Reflect on God's guidance
3,5,5,Gen 43:18,Patriarchs and Prophets pp. 621-625,621,625,,,,505,Sample text from Patriarchs and Prophets pages 621-625. This is placeholder content for the daily reading.,,- Reading covers Patriarchs and Prophets pages 621-625 | Key theme: Faith and obedience | Application: Reflect on God's guidance
3,5,6,Gen 32:13,Patriarchs and Prophets pp. 626-629,626,629,,,,506,Sample text from Patriarchs and Prophets pages 626-629. This is placeholder content for the daily reading.,,- Reading covers Patriarchs and Prophets pages 626-629 | Key theme: Faith and obedience | Application: Reflect on God's guidance
3,5,7,Gen 21:17,Patriarchs and Prophets pp. 630-634,630,634,,,,507,Sample text from Patriarchs and Prophets pages 630-634. This is placeholder content for the daily reading.,,- Reading covers Patriarchs and Prophets pages 630-634 | Key theme: Faith and obedience | Application: Reflect on God's guidance
3,5,8,Gen 7:3,Patriarchs and Prophets pp. 635-640,635,640,,,,508,Sample text from Patriarchs and Prophets pages 635-640. This is placeholder content for the daily reading.,,- Reading covers Patriarchs and Prophets pages 635-640 | Key theme: Faith and obedience | Application: Reflect on God's guidance
3,5,9,Gen 15:8,Patriarchs and Prophets pp. 641-646,641,646,,,,509,Sample text from Patriarchs and Prophets pages 641-646. This is placeholder content for the daily reading.,,- Reading covers Patriarchs and Prophets pages 641-646 | Key theme: Faith and obedience | Application: Reflect on God's guidance
3,5,10,Gen 12:3,Patriarchs and Prophets pp. 647-652,647,652,,,,510,Sample text from Patriarchs and Prophets pages 647-652. This is placeholder content for the daily reading.,,- Reading covers Patriarchs and Prophets pages 647-652 | Key theme: Faith and obedience | Application: Reflect on God's guidance
3,5,11,Gen 31:7,Patriarchs and Prophets pp. 653-658,653,658,,,,511,Sample text from Patriarchs and Prophets pages 653-658. This is placeholder content for the daily reading.,,- Reading covers Patriarchs and Prophets pages 653-658 | Key theme: Faith and obedience | Application: Reflect on God's guidance
3,5,12,Gen 14:5,Patriarchs and Prophets pp. 659-662,659,662,,,,512,Sample text from Patriarchs and Prophets pages 659-662. This is placeholder content for the daily reading.,,- Reading covers Patriarchs and Prophets pages 659-662 | Key theme: Faith and obedience | Application: Reflect on God's guidance
3,5,13,Gen 44:3,Patriarchs and Prophets pp. 663-667,663,667,,,,513,Sample text from Patriarchs and Prophets pages 663-667. This is placeholder content for the daily reading.,,- Reading covers Patriarchs and Prophets pages 663-667 | Key theme: Faith and obedience | Application: Reflect on God's guidance
3,5,14,Gen 29:10,Patriarchs and Prophets pp. 668-672,668,672,,,,514,Sample text from Patriarchs and Prophets pages 668-672. This is placeholder content for the daily reading.,,- Reading covers Patriarchs and Prophets pages 668-672 | Key theme: Faith and obedience | Application: Reflect on God's guidance
3,5,15,Gen 48:19,Patriarchs and Prophets pp. 673-678,673,678,,,,515,Sample text from Patriarchs and Prophets pages 673-678. This is placeholder content for the daily reading.,,- Reading covers Patriarchs and Prophets pages 673-678 | Key theme: Faith and obedience | Application: Reflect on God's guidance
3,5,16,Gen 33:3,Patriarchs and Prophets pp. 679-682,679,682,,,,516,Sample text from Patriarchs and Prophets pages 679-682. This is placeholder content for the daily reading.,,- Reading covers Patriarchs and Prophets pages 679-682 | Key theme: Faith and obedience | Application: Reflect on God's guidance
3,5,17,Gen 14:15,Patriarchs and Prophets pp. 683-687,683,687,,,,517,Sample text from Patriarchs and Prophets pages 683-687. This is placeholder content for the daily reading.,,- Reading covers Patriarchs and Prophets pages 683-687 | Key theme: Faith and obedience | Application: Reflect on God's guidance
3,5,18,Gen 25:12,Patriarchs and Prophets pp. 688-691,688,691,,,,518,Sample text from Patriarchs and Prophets pages 688-691. This is placeholder content for the daily reading.,,- Reading covers Patriarchs and Prophets pages 688-691 | Key theme: Faith and obedience | Application: Reflect on God's guidance
3,5,19,Gen 10:10,Patriarchs and Prophets pp. 692-696,692,696,,,,519,Sample text from Patriarchs and Prophets pages 692-696. This is placeholder content for the daily reading.,,- Reading covers Patriarchs and Prophets pages 692-696 | Key theme: Faith and obedience | Application: Reflect on God's guidance
3,5,20,Gen 27:18,Patriarchs and Prophets pp. 697-700,697,700,,,,520,Sample text from Patriarchs and Prophets pages 697-700. This is placeholder content for the daily reading.,,- Reading covers Patriarchs and Prophets pages 697-700 | Key theme: Faith and obedience | Application: Reflect on God's guidance
3,5,21,Gen 39:5,Patriarchs and Prophets pp. 701-706,701,706,,,,521,Sample text from Patriarchs and Prophets pages 701-706. This is placeholder content for the daily reading.,,- Reading covers Patriarchs and Prophets pages 701-706 | Key theme: Faith and obedience | Application: Reflect on God's guidance
3,5,22,Gen 4:13,Patriarchs and Prophets pp. 707-710,707,710,,,,522,Sample text from Patriarchs and Prophets pages 707-710. This is placeholder content for the daily reading.,,- Reading covers Patriarchs and Prophets pages 707-710 | Key theme: Faith and obedience | Application: Reflect on God's guidance
3,5,23,Gen 13:12,Patriarchs and Prophets pp. 711-716,711,716,,,,523,Sample text from Patriarchs and Prophets pages 711-716. This is placeholder content for the daily reading.,,- Reading covers Patriarchs and Prophets pages 711-716 | Key theme: Faith and obedience | Application: Reflect on God's guidance
3,5,24,Gen 43:15,Patriarchs and Prophets pp. 717-721,717,721,,,,524,Sample text from Patriarchs and Prophets pages 717-721. This is placeholder content for the daily reading.,,- Reading covers Patriarchs and Prophets pages 717-721 | Key theme: Faith and obedience | Application: Reflect on God's guidance
3,5,25,Gen 47:16,Patriarchs and Prophets pp. 722-726,722,726,,,,525,Sample text from Patriarchs and Prophets pages 722-726. This is placeholder content for the daily reading.,,- Reading covers Patriarchs and Prophets pages 722-726 | Key theme: Faith and obedience | Application: Reflect on God's guidance
3,5,26,Gen 44:4,Patriarchs and Prophets pp. 727-731,727,731,,,,526,Sample text from Patriarchs and Prophets pages 727-731. This is placeholder content for the daily reading.,,- Reading covers Patriarchs and Prophets pages 727-731 | Key theme: Faith and obedience | Application: Reflect on God's guidance
3,5,27,Gen 38:12,Patriarchs and Prophets pp. 732-735,732,735,,,,527,Sample text from Patriarchs and Prophets pages 732-735. This is placeholder content for the daily reading.,,- Reading covers Patriarchs and Prophets pages 732-735 | Key theme: Faith and obedience | Application: Reflect on God's guidance
3,5,28,Gen 9:19,Patriarchs and Prophets pp. 736-739,736,739,,,,528,Sample text from Patriarchs and Prophets pages 736-739. This is placeholder content for the daily reading.,,- Reading covers Patriarchs and Prophets pages 736-739 | Key theme: Faith and obedience | Application: Reflect on God's guidance
3,5,29,Gen 44:3,Patriarchs and Prophets pp. 740-744,740,744,,,,529,Sample text from Patriarchs and Prophets pages 740-744. This is placeholder content for the daily reading.,,- Reading covers Patriarchs and Prophets pages 740-744 | Key theme: Faith and obedience | Application: Reflect on God's guidance
3,5,30,Gen 39:2,Patriarchs and Prophets pp. 745-750,745,750,,,,530,Sample text from Patriarchs and Prophets pages 745-750. This is placeholder content for the daily reading.,,- Reading covers Patriarchs and Prophets pages 745-750 | Key theme: Faith and obedience | Application: Reflect on God's guidance
3,5,31,Gen 3:7,Patriarchs and Prophets pp. 751-756,751,756,,,,531,Sample text from Patriarchs and Prophets pages 751-756. This is placeholder content for the daily reading.,,- Reading covers Patriarchs and Prophets pages 751-756 | Key theme: Faith and obedience | Application: Reflect on God's guidance
3,6,1,Gen 35:16,Patriarchs and Prophets pp. 757-760,757,760,,,,601,Sample text from Patriarchs and Prophets pages 757-760. This is placeholder content for the daily reading.,,- Reading covers Patriarchs and Prophets pages 757-760 | Key theme: Faith and obedience | Application: Reflect on God's guidance
3,6,2,Gen 42:18,Patriarchs and Prophets pp. 761-764,761,764,,,,602,Sample text from Patriarchs and Prophets pages 761-764. This is placeholder content for the daily reading.,,- Reading covers Patriarchs and Prophets pages 761-764 | Key theme: Faith and obedience | Application: Reflect on God's guidance
3,6,3,Gen 2:8,Patriarchs and Prophets pp. 765-769,765,769,,,,603,Sample text from Patriarchs and Prophets pages 765-769. This is placeholder content for the daily reading.,,- Reading covers Patriarchs and Prophets pages 765-769 | Key theme: Faith and obedience | Application: Reflect on God's guidance
3,6,4,Gen 43:8,Patriarchs and Prophets pp. 770-774,770,774,,,,604,Sample text from Patriarchs and Prophets pages 770-774. This is placeholder content for the daily reading.,,- Reading covers Patriarchs and Prophets pages 770-774 | Key theme: Faith and obedience | Application: Reflect on God's guidance
3,6,5,Gen 25:11,Patriarchs and Prophets pp. 775-778,775,778,,,,605,Sample text from Patriarchs and Prophets pages 775-778. This is placeholder content for the daily reading.,,- Reading covers Patriarchs and Prophets pages 775-778 | Key theme: Faith and obedience | Application: Reflect on God's guidance
3,6,6,Gen 6:6,Patriarchs and Prophets pp. 779-784,779,784,,,,606,Sample text from Patriarchs and Prophets pages 779-784. This is placeholder content for the daily reading.,,- Reading covers Patriarchs and Prophets pages 779-784 | Key theme: Faith and obedience | Application: Reflect on God's guidance
3,6,7,Gen 7:15,Patriarchs and Prophets pp. 785-788,785,788,,,,607,Sample text from Patriarchs and Prophets pages 785-788. This is placeholder content for the daily reading.,,- Reading covers Patriarchs and Prophets pages 785-788 | Key theme: Faith and obedience | Application: Reflect on God's guidance
3,6,8,Gen 31:12,Patriarchs and Prophets pp. 789-792,789,792,,,,608,Sample text from Patriarchs and Prophets pages 789-792. This is placeholder content for the daily reading.,,- Reading covers Patriarchs and Prophets pages 789-792 | Key theme: Faith and obedience | Application: Reflect on God's guidance
3,6,9,Gen 38:4,Patriarchs and Prophets pp. 793-796,793,796,,,,609,Sample text from Patriarchs and Prophets pages 793-796. This is placeholder content for the daily reading.,,- Reading covers Patriarchs and Prophets pages 793-796 | Key theme: Faith and obedience | Application: Reflect on God's guidance
3,6,10,Gen 12:9,Patriarchs and Prophets pp. 797-800,797,800,,,,610,Sample text from Patriarchs and Prophets pages 797-800. This is placeholder content for the daily reading.,,- Reading covers Patriarchs and Prophets pages 797-800 | Key theme: Faith and obedience | Application: Reflect on God's guidance
3,6,11,Gen 45:16,Patriarchs and Prophets pp. 1-5,1,5,,,,611,Sample text from Patriarchs and Prophets pages 1-5. This is placeholder content for the daily reading.,,- Reading covers Patriarchs and Prophets pages 1-5 | Key theme: Faith and obedience | Application: Reflect on God's guidance
3,6,12,Gen 16:5,Patriarchs and Prophets pp. 6-10,6,10,,,,612,Sample text from Patriarchs and Prophets pages 6-10. This is placeholder content for the daily reading.,,- Reading covers Patriarchs and Prophets pages 6-10 | Key theme: Faith and obedience | Application: Reflect on God's guidance
3,6,13,Gen 5:1,Patriarchs and Prophets pp. 11-14,11,14,,,,613,Sample text from Patriarchs and Prophets pages 11-14. This is placeholder content for the daily reading.,,- Reading covers Patriarchs and Prophets pages 11-14 | Key theme: Faith and obedience | Application: Reflect on God's guidance
3,6,14,Gen 40:15,Patriarchs and Prophets pp. 15-18,15,18,,,,614,Sample text from Patriarchs and Prophets pages 15-18. This is placeholder content for the daily reading.,,- Reading covers Patriarchs and Prophets pages 15-18 | Key theme: Faith and obedience | Application: Reflect on God's guidance
3,6,15,Gen 37:6,Patriarchs and Prophets pp. 19-22,19,22,,,,615,Sample text from Patriarchs and Prophets pages 19-22. This is placeholder content for the daily reading.,,- Reading covers Patriarchs and Prophets pages 19-22 | Key theme: Faith and obedience | Application: Reflect on God's guidance
3,6,16,Gen 17:8,Patriarchs and Prophets pp. 23-27,23,27,,,,616,Sample text from Patriarchs and Prophets pages 23-27. This is placeholder content for the daily reading.,,- Reading covers Patriarchs and Prophets pages 23-27 | Key theme: Faith and obedience | Application: Reflect on God's guidance
3,6,17,Gen 1:13,Patriarchs and Prophets pp. 28-32,28,32,,,,617,Sample text from Patriarchs and Prophets pages 28-32. This is placeholder content for the daily reading.,,- Reading covers Patriarchs and Prophets pages 28-32 | Key theme: Faith and obedience | Application: Reflect on God's guidance
3,6,18,Gen 21:18,Patriarchs and Prophets pp. 33-38,33,38,,,,618,Sample text from Patriarchs and Prophets pages 33-38. This is placeholder content for the daily reading.,,- Reading covers Patriarchs and Prophets pages 33-38 | Key theme: Faith and obedience | Application: Reflect on God's guidance
3,6,19,Gen 46:2,Patriarchs and Prophets pp. 39-43,39,43,,,,619,Sample text from Patriarchs and Prophets pages 39-43. This is placeholder content for the daily reading.,,- Reading covers Patriarchs and Prophets pages 39-43 | Key theme: Faith and obedience | Application: Reflect on God's guidance
3,6,20,Gen 49:2,Patriarchs and Prophets pp. 44-47,44,47,,,,620,Sample text from Patriarchs and Prophets pages 44-47. This is placeholder content for the daily reading.,,- Reading covers Patriarchs and Prophets pages 44-47 | Key theme: Faith and obedience | Application: Reflect on God's guidance
3,6,21,Gen 41:16,Patriarchs and Prophets pp. 48-53,48,53,,,,621,Sample text from Patriarchs and Prophets pages 48-53. This is placeholder content for the daily reading.,,- Reading covers Patriarchs and Prophets pages 48-53 | Key theme: Faith and obedience | Application: Reflect on God's guidance
3,6,22,Gen 3:19,Patriarchs and Prophets pp. 54-59,54,59,,,,622,Sample text from Patriarchs and Prophets pages 54-59. This is placeholder content for the daily reading.,,- Reading covers Patriarchs and Prophets pages 54-59 | Key theme: Faith and obedience | Application: Reflect on God's guidance
3,6,23,Gen 31:4,Patriarchs and Prophets pp. 60-64,60,64,,,,623,Sample text from Patriarchs and Prophets pages 60-64. This is placeholder content for the daily reading.,,- Reading covers Patriarchs and Prophets pages 60-64 | Key theme: Faith and obedience | Application: Reflect on God's guidance
3,6,24,Gen 36:1,Patriarchs and Prophets pp. 65-68,65,68,,,,624,Sample text from Patriarchs and Prophets pages 65-68. This is placeholder content for the daily reading.,,- Reading covers Patriarchs and Prophets pages 65-68 | Key theme: Faith and obedience | Application: Reflect on God's guidance
3,6,25,Gen 4:7,Patriarchs and Prophets pp. 69-72,69,72,,,,625,Sample text from Patriarchs and Prophets pages 69-72. This is placeholder content for the daily reading.,,- Reading covers Patriarchs and Prophets pages 69-72 | Key theme: Faith and obedience | Application: Reflect on God's guidance
3,6,26,Gen 5:17,Patriarchs and Prophets pp. 73-76,73,76,,,,626,Sample text from Patriarchs and Prophets pages 73-76. This is placeholder content for the daily reading.,,- Reading covers Patriarchs and Prophets pages 73-76 | Key theme: Faith and obedience | Application: Reflect on God's guidance
3,6,27,Gen 36:9,Patriarchs and Prophets pp. 77-80,77,80,,,,627,Sample text from Patriarchs and Prophets pages 77-80. This is placeholder content for the daily reading.,,- Reading covers Patriarchs and Prophets pages 77-80 | Key theme: Faith and obedience | Application: Reflect on God's guidance
3,6,28,Gen 48:5,Patriarchs and Prophets pp. 81-86,81,86,,,,628,Sample text from Patriarchs and Prophets pages 81-86. This is placeholder content for the daily reading.,,- Reading covers Patriarchs and Prophets pages 81-86 | Key theme: Faith and obedience | Application: Reflect on God's guidance
3,6,29,Gen 35:10,Patriarchs and Prophets pp. 87-92,87,92,,,,629,Sample text from Patriarchs and Prophets pages 87-92. This is placeholder content for the daily reading.,,- Reading covers Patriarchs and Prophets pages 87-92 | Key theme: Faith and obedience | Application: Reflect on God's guidance
3,6,30,Gen 42:8,Patriarchs and Prophets pp. 93-98,93,98,,,,630,Sample text from Patriarchs and Prophets pages 93-98. This is placeholder content for the daily reading.,,- Reading covers Patriarchs and Prophets pages 93-98 | Key theme: Faith and obedience | Application: Reflect on God's guidance
3,7,1,Gen 43:2,Patriarchs and Prophets pp. 99-102,99,102,,,,701,Sample text from Patriarchs and Prophets pages 99-102. This is placeholder content for the daily reading.,,- Reading covers Patriarchs and Prophets pages 99-102 | Key theme: Faith and obedience | Application: Reflect on God's guidance
3,7,2,Gen 28:19,Patriarchs and Prophets pp. 103-108,103,108,,,,702,Sample text from Patriarchs and Prophets pages 103-108. This is placeholder content for the daily reading.,,- Reading covers Patriarchs and Prophets pages 103-108 | Key theme: Faith and obedience | Application: Reflect on God's guidance
3,7,3,Gen 13:14,Patriarchs and Prophets pp. 109-114,109,114,,,,703,Sample text from Patriarchs and Prophets pages 109-114. This is placeholder content for the daily reading.,,- Reading covers Patriarchs and Prophets pages 109-114 | Key theme: Faith and obedience | Application: Reflect on God's guidance
3,7,4,Gen 47:14,Patriarchs and Prophets pp. 115-119,115,119,,,,704,Sample text from Patriarchs and Prophets pages 115-119. This is placeholder content for the daily reading.,,- Reading covers Patriarchs and Prophets pages 115-119 | Key theme: Faith and obedience | Application: Reflect on God's guidance
3,7,5,Gen 12:6,Patriarchs and Prophets pp. 120-123,120,123,,,,705,Sample text from Patriarchs and Prophets pages 120-123. This is placeholder content for the daily reading.,,- Reading covers Patriarchs and Prophets pages 120-123 | Key theme: Faith and obedience | Application: Reflect on God's guidance
3,7,6,Gen 27:7,Patriarchs and Prophets pp. 124-128,124,128,,,,706,Sample text from Patriarchs and Prophets pages 124-128. This is placeholder content for the daily reading.,,- Reading covers Patriarchs and Prophets pages 124-128 | Key theme: Faith and obedience | Application: Reflect on God's guidance
3,7,7,Gen 27:16,Patriarchs and Prophets pp. 129-133,129,133,,,,707,Sample text from Patriarchs and Prophets pages 129-133. This is placeholder content for the daily reading.,,- Reading covers Patriarchs and Prophets pages 129-133 | Key theme: Faith and obedience | Application: Reflect on God's guidance
3,7,8,Gen 42:5,Patriarchs and Prophets pp. 134-137,134,137,,,,708,Sample text from Patriarchs and Prophets pages 134-137. This is placeholder content for the daily reading.,,- Reading covers Patriarchs and Prophets pages 134-137 | Key theme: Faith and obedience | Application: Reflect on God's guidance
3,7,9,Gen 45:17,Patriarchs and Prophets pp. 138-142,138,142,,,,709,Sample text from Patriarchs and Prophets pages 138-142. This is placeholder content for the daily reading.,,- Reading covers Patriarchs and Prophets pages 138-142 | Key theme: Faith and obedience | Application: Reflect on God's guidance
3,7,10,Gen 7:7,Patriarchs and Prophets pp. 143-147,143,147,,,,710,Sample text from Patriarchs and Prophets pages 143-147. This is placeholder content for the daily reading.,,- Reading covers Patriarchs and Prophets pages 143-147 | Key theme: Faith and obedience | Application: Reflect on God's guidance
3,7,11,Gen 34:15,Patriarchs and Prophets pp. 148-152,148,152,,,,711,Sample text from Patriarchs and Prophets pages 148-152. This is placeholder content for the daily reading.,,- Reading covers Patriarchs and Prophets pages 148-152 | Key theme: Faith and obedience | Application: Reflect on God's guidance
3,7,12,Gen 9:17,Patriarchs and Prophets pp. 153-158,153,158,,,,712,Sample text from Patriarchs and Prophets pages 153-158. This is placeholder content for the daily reading.,,- Reading covers Patriarchs and Prophets pages 153-158 | Key theme: Faith and obedience | Application: Reflect on God's guidance
3,7,13,Gen 15:10,Patriarchs and Prophets pp. 159-164,159,164,,,,713,Sample text from Patriarchs and Prophets pages 159-164. This is placeholder content for the daily reading.,,- Reading covers Patriarchs and Prophets pages 159-164 | Key theme: Faith and obedience | Application: Reflect on God's guidance
3,7,14,Gen 4:16,Patriarchs and Prophets pp. 165-169,165,169,,,,714,Sample text from Patriarchs and Prophets pages 165-169. This is placeholder content for the daily reading.,,- Reading covers Patriarchs and Prophets pages 165-169 | Key theme: Faith and obedience | Application: Reflect on God's guidance
3,7,15,Gen 49:15,Patriarchs and Prophets pp. 170-173,170,173,,,,715,Sample text from Patriarchs and Prophets pages 170-173. This is placeholder content for the daily reading.,,- Reading covers Patriarchs and Prophets pages 170-173 | Key theme: Faith and obedience | Application: Reflect on God's guidance
3,7,16,Gen 32:14,Patriarchs and Prophets pp. 174-179,174,179,,,,716,Sample text from Patriarchs and Prophets pages 174-179. This is placeholder content for the daily reading.,,- Reading covers Patriarchs and Prophets pages 174-179 | Key theme: Faith and obedience | Application: Reflect on God's guidance
3,7,17,Gen 9:4,Patriarchs and Prophets pp. 180-185,180,185,,,,717,Sample text from Patriarchs and Prophets pages 180-185. This is placeholder content for the daily reading.,,- Reading covers Patriarchs and Prophets pages 180-185 | Key theme: Faith and obedience | Application: Reflect on God's guidance
3,7,18,Gen 17:6,Patriarchs and Prophets pp. 186-189,186,189,,,,718,Sample text from Patriarchs and Prophets pages 186-189. This is placeholder content for the daily reading.,,- Reading covers Patriarchs and Prophets pages 186-189 | Key theme: Faith and obedience | Application: Reflect on God's guidance
3,7,19,Gen 47:1,Patriarchs and Prophets pp. 190-194,190,194,,,,719,Sample text from Patriarchs and Prophets pages 190-194. This is placeholder content for the daily reading.,,- Reading covers Patriarchs and Prophets pages 190-194 | Key theme: Faith and obedience | Application: Reflect on God's guidance
3,7,20,Gen 15:13,Patriarchs and Prophets pp. 195-200,195,200,,,,720,Sample text from Patriarchs and Prophets pages 195-200. This is placeholder content for the daily reading.,,- Reading covers Patriarchs and Prophets pages 195-200 | Key theme: Faith and obedience | Application: Reflect on God's guidance
3,7,21,Gen 19:3,Patriarchs and Prophets pp. 201-204,201,204,,,,721,Sample text from Patriarchs and Prophets pages 201-204. This is placeholder content for the daily reading.,,- Reading covers Patriarchs and Prophets pages 201-204 | Key theme: Faith and obedience | Application: Reflect on God's guidance
3,7,22,Gen 42:6,Patriarchs and Prophets pp. 205-209,205,209,,,,722,Sample text from Patriarchs and Prophets pages 205-209. This is placeholder content for the daily reading.,,- Reading covers Patriarchs and Prophets pages 205-209 | Key theme: Faith and obedience | Application: Reflect on God's guidance
3,7,23,Gen 19:2,Patriarchs and Prophets pp. 210-215,210,215,,,,723,Sample text from Patriarchs and Prophets pages 210-215. This is placeholder content for the daily reading.,,- Reading covers Patriarchs and Prophets pages 210-215 | Key theme: Faith and obedience | Application: Reflect on God's guidance
3,7,24,Gen 35:5,Patriarchs and Prophets pp. 216-220,216,220,,,,724,Sample text from Patriarchs and Prophets pages 216-220. This is placeholder content for the daily reading.,,- Reading covers Patriarchs and Prophets pages 216-220 | Key theme: Faith and obedience | Application: Reflect on God's guidance
3,7,25,Gen 12:9,Patriarchs and Prophets pp. 221-226,221,226,,,,725,Sample text from Patriarchs and Prophets pages 221-226. This is placeholder content for the daily reading.,,- Reading covers Patriarchs and Prophets pages 221-226 | Key theme: Faith and obedience | Application: Reflect on God's guidance
3,7,26,Gen 1:17,Patriarchs and Prophets pp. 227-230,227,230,,,,726,Sample text from Patriarchs and Prophets pages 227-230. This is placeholder content for the daily reading.,,- Reading covers Patriarchs and Prophets pages 227-230 | Key theme: Faith and obedience | Application: Reflect on God's guidance
3,7,27,Gen 48:6,Patriarchs and Prophets pp. 231-235,231,235,,,,727,Sample text from Patriarchs and Prophets pages 231-235. This is placeholder content for the daily reading.,,- Reading covers Patriarchs and Prophets pages 231-235 | Key theme: Faith and obedience | Application: Reflect on God's guidance
3,7,28,Gen 30:19,Patriarchs and Prophets pp. 236-239,236,239,,,,728,Sample text from Patriarchs and Prophets pages 236-239. This is placeholder content for the daily reading.,,- Reading covers Patriarchs and Prophets pages 236-239 | Key theme: Faith and obedience | Application: Reflect on God's guidance
3,7,29,Gen 18:7,Patriarchs and Prophets pp. 240-243,240,243,,,,729,Sample text from Patriarchs and Prophets pages 240-243. This is placeholder content for the daily reading.,,- Reading covers Patriarchs and Prophets pages 240-243 | Key theme: Faith and obedience | Application: Reflect on God's guidance
3,7,30,Gen 13:5,Patriarchs and Prophets pp. 244-248,244,248,,,,730,Sample text from Patriarchs and Prophets pages 244-248. This is placeholder content for the daily reading.,,- Reading covers Patriarchs and Prophets pages 244-248 | Key theme: Faith and obedience | Application: Reflect on God's guidance
3,7,31,Gen 5:1,Patriarchs and Prophets pp. 249-254,249,254,,,,731,Sample text from Patriarchs and Prophets pages 249-254. This is placeholder content for the daily reading.,,- Reading covers Patriarchs and Prophets pages 249-254 | Key theme: Faith and obedience | Application: Reflect on God's guidance
3,8,1,Gen 11:14,Patriarchs and Prophets pp. 255-260,255,260,,,,801,Sample text from Patriarchs and Prophets pages 255-260. This is placeholder content for the daily reading.,,- Reading covers Patriarchs and Prophets pages 255-260 | Key theme: Faith and obedience | Application: Reflect on God's guidance
3,8,2,Gen 42:3,Patriarchs and Prophets pp. 261-266,261,266,,,,802,Sample text from Patriarchs and Prophets pages 261-266. This is placeholder content for the daily reading.,,- Reading covers Patriarchs and Prophets pages 261-266 | Key theme: Faith and obedience | Application: Reflect on God's guidance
3,8,3,Gen 38:6,Patriarchs and Prophets pp. 267-271,267,271,,,,803,Sample text from Patriarchs and Prophets pages 267-271. This is placeholder content for the daily reading.,,- Reading covers Patriarchs and Prophets pages 267-271 | Key theme: Faith and obedience | Application: Reflect on God's guidance
3,8,4,Gen 27:9,Patriarchs and Prophets pp. 272-277,272,277,,,,804,Sample text from Patriarchs and Prophets pages 272-277. This is placeholder content for the daily reading.,,- Reading covers Patriarchs and Prophets pages 272-277 | Key theme: Faith and obedience | Application: Reflect on God's guidance
3,8,5,Gen 15:2,Patriarchs and Prophets pp. 278-283,278,283,,,,805,Sample text from Patriarchs and Prophets pages 278-283. This is placeholder content for the daily reading.,,- Reading covers Patriarchs and Prophets pages 278-283 | Key theme: Faith and obedience | Application: Reflect on God's guidance
3,8,6,Gen 28:18,Patriarchs and Prophets pp. 284-289,284,289,,,,806,Sample text from Patriarchs and Prophets pages 284-289. This is placeholder content for the daily reading.,,- Reading covers Patriarchs and Prophets pages 284-289 | Key theme: Faith and obedience | Application: Reflect on God's guidance
3,8,7,Gen 18:7,Patriarchs and Prophets pp. 290-293,290,293,,,,807,Sample text from Patriarchs and Prophets pages 290-293. This is placeholder content for the daily reading.,,- Reading covers Patriarchs and Prophets pages 290-293 | Key theme: Faith and obedience | Application: Reflect on God's guidance
3,8,8,Gen 1:15,Patriarchs and Prophets pp. 294-298,294,298,,,,808,Sample text from Patriarchs and Prophets pages 294-298. This is placeholder content for the daily reading.,,- Reading covers Patriarchs and Prophets pages 294-298 | Key theme: Faith and obedience | Application: Reflect on God's guidance
3,8,9,Gen 8:10,Patriarchs and Prophets pp. 299-302,299,302,,,,809,Sample text from Patriarchs and Prophets pages 299-302. This is placeholder content for the daily reading.,,- Reading covers Patriarchs and Prophets pages 299-302 | Key theme: Faith and obedience | Application: Reflect on God's guidance
3,8,10,Gen 24:3,Patriarchs and Prophets pp. 303-308,303,308,,,,810,Sample text from Patriarchs and Prophets pages 303-308. This is placeholder content for the daily reading.,,- Reading covers Patriarchs and Prophets pages 303-308 | Key theme: Faith and obedience | Application: Reflect on God's guidance
3,8,11,Gen 29:12,Patriarchs and Prophets pp. 309-314,309,314,,,,811,Sample text from Patriarchs and Prophets pages 309-314. This is placeholder content for the daily reading.,,- Reading covers Patriarchs and Prophets pages 309-314 | Key theme: Faith and obedience | Application: Reflect on God's guidance
3,8,12,Gen 48:1,Patriarchs and Prophets pp. 315-318,315,318,,,,812,Sample text from Patriarchs and Prophets pages 315-318. This is placeholder content for the daily reading.,,- Reading covers Patriarchs and Prophets pages 315-318 | Key theme: Faith and obedience | Application: Reflect on God's guidance
3,8,13,Gen 15:4,Patriarchs and Prophets pp. 319-324,319,324,,,,813,Sample text from Patriarchs and Prophets pages 319-324. This is placeholder content for the daily reading.,,- Reading covers Patriarchs and Prophets pages 319-324 | Key theme: Faith and obedience | Application: Reflect on God's guidance
3,8,14,Gen 48:4,Patriarchs and Prophets pp. 325-330,325,330,,,,814,Sample text from Patriarchs and Prophets pages 325-330. This is placeholder content for the daily reading.,,- Reading covers Patriarchs and Prophets pages 325-330 | Key theme: Faith and obedience | Application: Reflect on God's guidance
3,8,15,Gen 22:2,Patriarchs and Prophets pp. 331-336,331,336,,,,815,Sample text from Patriarchs and Prophets pages 331-336. This is placeholder content for the daily reading.,,- Reading covers Patriarchs and Prophets pages 331-336 | Key theme: Faith and obedience | Application: Reflect on God's guidance
3,8,16,Gen 13:2,Patriarchs and Prophets pp. 337-341,337,341,,,,816,Sample text from Patriarchs and Prophets pages 337-341. This is placeholder content for the daily reading.,,- Reading covers Patriarchs and Prophets pages 337-341 | Key theme: Faith and obedience | Application: Reflect on God's guidance
3,8,17,Gen 31:14,Patriarchs and Prophets pp. 342-345,342,345,,,,817,Sample text from Patriarchs and Prophets pages 342-345. This is placeholder content for the daily reading.,,- Reading covers Patriarchs and Prophets pages 342-345 | Key theme: Faith and obedience | Application: Reflect on God's guidance
3,8,18,Gen 33:14,Patriarchs and Prophets pp. 346-349,346,349,,,,818,Sample text from Patriarchs and Prophets pages 346-349. This is placeholder content for the daily reading.,,- Reading covers Patriarchs and Prophets pages 346-349 | Key theme: Faith and obedience | Application: Reflect on God's guidance
3,8,19,Gen 24:4,Patriarchs and Prophets pp. 350-355,350,355,,,,819,Sample text from Patriarchs and Prophets pages 350-355. This is placeholder content for the daily reading.,,- Reading covers Patriarchs and Prophets pages 350-355 | Key theme: Faith and obedience | Application: Reflect on God's guidance
3,8,20,Gen 28:13,Patriarchs and Prophets pp. 356-361,356,361,,,,820,Sample text from Patriarchs and Prophets pages 356-361. This is placeholder content for the daily reading.,,- Reading covers Patriarchs and Prophets pages 356-361 | Key theme: Faith and obedience | Application: Reflect on God's guidance
3,8,21,Gen 29:6,Patriarchs and Prophets pp. 362-366,362,366,,,,821,Sample text from Patriarchs and Prophets pages 362-366. This is placeholder content for the daily reading.,,- Reading covers Patriarchs and Prophets pages 362-366 | Key theme: Faith and obedience | Application: Reflect on God's guidance
3,8,22,Gen 42:19,Patriarchs and Prophets pp. 367-370,367,370,,,,822,Sample text from Patriarchs and Prophets pages 367-370. This is placeholder content for the daily reading.,,- Reading covers Patriarchs and Prophets pages 367-370 | Key theme: Faith and obedience | Application: Reflect on God's guidance
3,8,23,Gen 36:7,Patriarchs and Prophets pp. 371-376,371,376,,,,823,Sample text from Patriarchs and Prophets pages 371-376. This is placeholder content for the daily reading.,,- Reading covers Patriarchs and Prophets pages 371-376 | Key theme: Faith and obedience | Application: Reflect on God's guidance
3,8,24,Gen 5:6,Patriarchs and Prophets pp. 377-380,377,380,,,,824,Sample text from Patriarchs and Prophets pages 377-380. This is placeholder content for the daily reading.,,- Reading covers Patriarchs and Prophets pages 377-380 | Key theme: Faith and obedience | Application: Reflect on God's guidance
3,8,25,Gen 22:8,Patriarchs and Prophets pp. 381-386,381,386,,,,825,Sample text from Patriarchs and Prophets pages 381-386. This is placeholder content for the daily reading.,,- Reading covers Patriarchs and Prophets pages 381-386 | Key theme: Faith and obedience | Application: Reflect on God's guidance
3,8,26,Gen 20:11,Patriarchs and Prophets pp. 387-390,387,390,,,,826,Sample text from Patriarchs and Prophets pages 387-390. This is placeholder content for the daily reading.,,- Reading covers Patriarchs and Prophets pages 387-390 | Key theme: Faith and obedience | Application: Reflect on God's guidance
3,8,27,Gen 31:18,Patriarchs and Prophets pp. 391-396,391,396,,,,827,Sample text from Patriarchs and Prophets pages 391-396. This is placeholder content for the daily reading.,,- Reading covers Patriarchs and Prophets pages 391-396 | Key theme: Faith and obedience | Application: Reflect on God's guidance
3,8,28,Gen 34:17,Patriarchs and Prophets pp. 397-401,397,401,,,,828,Sample text from Patriarchs and Prophets pages 397-401. This is placeholder content for the daily reading.,,- Reading covers Patriarchs and Prophets pages 397-401 | Key theme: Faith and obedience | Application: Reflect on God's guidance
3,8,29,Gen 27:18,Patriarchs and Prophets pp. 402-406,402,406,,,,829,Sample text from Patriarchs and Prophets pages 402-406. This is placeholder content for the daily reading.,,- Reading covers Patriarchs and Prophets pages 402-406 | Key theme: Faith and obedience | Application: Reflect on God's guidance
3,8,30,Gen 27:10,Patriarchs and Prophets pp. 407-412,407,412,,,,830,Sample text from Patriarchs and Prophets pages 407-412. This is placeholder content for the daily reading.,,- Reading covers Patriarchs and Prophets pages 407-412 | Key theme: Faith and obedience | Application: Reflect on God's guidance
3,8,31,Gen 42:14,Patriarchs and Prophets pp. 413-418,413,418,,,,831,Sample text from Patriarchs and Prophets pages 413-418. This is placeholder content for the daily reading.,,- Reading covers Patriarchs and Prophets pages 413-418 | Key theme: Faith and obedience | Application: Reflect on God's guidance
3,9,1,Gen 4:8,Patriarchs and Prophets pp. 419-423,419,423,,,,901,Sample text from Patriarchs and Prophets pages 419-423. This is placeholder content for the daily reading.,,- Reading covers Patriarchs and Prophets pages 419-423 | Key theme: Faith and obedience | Application: Reflect on God's guidance
3,9,2,Gen 43:12,Patriarchs and Prophets pp. 424-429,424,429,,,,902,Sample text from Patriarchs and Prophets pages 424-429. This is placeholder content for the daily reading.,,- Reading covers Patriarchs and Prophets pages 424-429 | Key theme: Faith and obedience | Application: Reflect on God's guidance
3,9,3,Gen 35:11,Patriarchs and Prophets pp. 430-433,430,433,,,,903,Sample text from Patriarchs and Prophets pages 430-433. This is placeholder content for the daily reading.,,- Reading covers Patriarchs and Prophets pages 430-433 | Key theme: Faith and obedience | Application: Reflect on God's guidance
3,9,4,Gen 9:10,Patriarchs and Prophets pp. 434-439,434,439,,,,904,Sample text from Patriarchs and Prophets pages 434-439. This is placeholder content for the daily reading.,,- Reading covers Patriarchs and Prophets pages 434-439 | Key theme: Faith and obedience | Application: Reflect on God's guidance
3,9,5,Gen 27:5,Patriarchs and Prophets pp. 440-444,440,444,,,,905,Sample text from Patriarchs and Prophets pages 440-444. This is placeholder content for the daily reading.,,- Reading covers Patriarchs and Prophets pages 440-444 | Key theme: Faith and obedience | Application: Reflect on God's guidance
3,9,6,Gen 27:2,Patriarchs and Prophets pp. 445-449,445,449,,,,906,Sample text from Patriarchs and Prophets pages 445-449. This is placeholder content for the daily reading.,,- Reading covers Patriarchs and Prophets pages 445-449 | Key theme: Faith and obedience | Application: Reflect on God's guidance
3,9,7,Gen 11:18,Patriarchs and Prophets pp. 450-454,450,454,,,,907,Sample text from Patriarchs and Prophets pages 450-454. This is placeholder content for the daily reading.,,- Reading covers Patriarchs and Prophets pages 450-454 | Key theme: Faith and obedience | Application: Reflect on God's guidance
3,9,8,Gen 10:18,Patriarchs and Prophets pp. 455-460,455,460,,,,908,Sample text from Patriarchs and Prophets pages 455-460. This is placeholder content for the daily reading.,,- Reading covers Patriarchs and Prophets pages 455-460 | Key theme: Faith and obedience | Application: Reflect on God's guidance
3,9,9,Gen 35:6,Patriarchs and Prophets pp. 461-465,461,465,,,,909,Sample text from Patriarchs and Prophets pages 461-465. This is placeholder content for the daily reading.,,- Reading covers Patriarchs and Prophets pages 461-465 | Key theme: Faith and obedience | Application: Reflect on God's guidance
3,9,10,Gen 45:4,Patriarchs and Prophets pp. 466-469,466,469,,,,910,Sample text from Patriarchs and Prophets pages 466-469. This is placeholder content for the daily reading.,,- Reading covers Patriarchs and Prophets pages 466-469 | Key theme: Faith and obedience | Application: Reflect on God's guidance
3,9,11,Gen 12:5,Patriarchs and Prophets pp. 470-475,470,475,,,,911,Sample text from Patriarchs and Prophets pages 470-475. This is placeholder content for the daily reading.,,- Reading covers Patriarchs and Prophets pages 470-475 | Key theme: Faith and obedience | Application: Reflect on God's guidance
3,9,12,Gen 14:7,Patriarchs and Prophets pp. 476-480,476,480,,,,912,Sample text from Patriarchs and Prophets pages 476-480. This is placeholder content for the daily reading.,,- Reading covers Patriarchs and Prophets pages 476-480 | Key theme: Faith and obedience | Application: Reflect on God's guidance
3,9,13,Gen 12:11,Patriarchs and Prophets pp. 481-484,481,484,,,,913,Sample text from Patriarchs and Prophets pages 481-484. This is placeholder content for the daily reading.,,- Reading covers Patriarchs and Prophets pages 481-484 | Key theme: Faith and obedience | Application: Reflect on God's guidance
3,9,14,Gen 28:18,Patriarchs and Prophets pp. 485-490,485,490,,,,914,Sample text from Patriarchs and Prophets pages 485-490. This is placeholder content for the daily reading.,,- Reading covers Patriarchs and Prophets pages 485-490 | Key theme: Faith and obedience | Application: Reflect on God's guidance
3,9,15,Gen 35:10,Patriarchs and Prophets pp. 491-495,491,495,,,,915,Sample text from Patriarchs and Prophets pages 491-495. This is placeholder content for the daily reading.,,- Reading covers Patriarchs and Prophets pages 491-495 | Key theme: Faith and obedience | Application: Reflect on God's guidance
3,9,16,Gen 1:1,Patriarchs and Prophets pp. 496-499,496,499,,,,916,Sample text from Patriarchs and Prophets pages 496-499. This is placeholder content for the daily reading.,,- Reading covers Patriarchs and Prophets pages 496-499 | Key theme: Faith and obedience | Application: Reflect on God's guidance
3,9,17,Gen 29:1,Patriarchs and Prophets pp. 500-505,500,505,,,,917,Sample text from Patriarchs and Prophets pages 500-505. This is placeholder content for the daily reading.,,- Reading covers Patriarchs and Prophets pages 500-505 | Key theme: Faith and obedience | Application: Reflect on God's guidance
3,9,18,Gen 11:12,Patriarchs and Prophets pp. 506-510,506,510,,,,918,Sample text from Patriarchs and Prophets pages 506-510. This is placeholder content for the daily reading.,,- Reading covers Patriarchs and Prophets pages 506-510 | Key theme: Faith and obedience | Application: Reflect on God's guidance
3,9,19,Gen 35:17,Patriarchs and Prophets pp. 511-516,511,516,,,,919,Sample text from Patriarchs and Prophets pages 511-516. This is placeholder content for the daily reading.,,- Reading covers Patriarchs and Prophets pages 511-516 | Key theme: Faith and obedience | Application: Reflect on God's guidance
3,9,20,Gen 24:3,Patriarchs and Prophets pp. 517-521,517,521,,,,920,Sample text from Patriarchs and Prophets pages 517-521. This is placeholder content for the daily reading.,,- Reading covers Patriarchs and Prophets pages 517-521 | Key theme: Faith and obedience | Application: Reflect on God's guidance
3,9,21,Gen 5:16,Patriarchs and Prophets pp. 522-525,522,525,,,,921,Sample text from Patriarchs and Prophets pages 522-525. This is placeholder content for the daily reading.,,- Reading covers Patriarchs and Prophets pages 522-525 | Key theme: Faith and obedience | Application: Reflect on God's guidance
3,9,22,Gen 45:18,Patriarchs and Prophets pp. 526-530,526,530,,,,922,Sample text from Patriarchs and Prophets pages 526-530. This is placeholder content for the daily reading.,,- Reading covers Patriarchs and Prophets pages 526-530 | Key theme: Faith and obedience | Application: Reflect on God's guidance
3,9,23,Gen 44:6,Patriarchs and Prophets pp. 531-534,531,534,,,,923,Sample text from Patriarchs and Prophets pages 531-534. This is placeholder content for the daily reading.,,- Reading covers Patriarchs and Prophets pages 531-534 | Key theme: Faith and obedience | Application: Reflect on God's guidance
3,9,24,Gen 17:6,Patriarchs and Prophets pp. 535-540,535,540,,,,924,Sample text from Patriarchs and Prophets pages 535-540. This is placeholder content for the daily reading.,,- Reading covers Patriarchs and Prophets pages 535-540 | Key theme: Faith and obedience | Application: Reflect on God's guidance
3,9,25,Gen 32:13,Patriarchs and Prophets pp. 541-545,541,545,,,,925,Sample text from Patriarchs and Prophets pages 541-545. This is placeholder content for the daily reading.,,- Reading covers Patriarchs and Prophets pages 541-545 | Key theme: Faith and obedience | Application: Reflect on God's guidance
3,9,26,Gen 20:10,Patriarchs and Prophets pp. 546-549,546,549,,,,926,Sample text from Patriarchs and Prophets pages 546-549. This is placeholder content for the daily reading.,,- Reading covers Patriarchs and Prophets pages 546-549 | Key theme: Faith and obedience | Application: Reflect on God's guidance
3,9,27,Gen 6:14,Patriarchs and Prophets pp. 550-554,550,554,,,,927,Sample text from Patriarchs and Prophets pages 550-554. This is placeholder content for the daily reading.,,- Reading covers Patriarchs and Prophets pages 550-554 | Key theme: Faith and obedience | Application: Reflect on God's guidance
3,9,28,Gen 18:7,Patriarchs and Prophets pp. 555-558,555,558,,,,928,Sample text from Patriarchs and Prophets pages 555-558. This is placeholder content for the daily reading.,,- Reading covers Patriarchs and Prophets pages 555-558 | Key theme: Faith and obedience | Application: Reflect on God's guidance
3,9,29,Gen 21:1,Patriarchs and Prophets pp. 559-562,559,562,,,,929,Sample text from Patriarchs and Prophets pages 559-562. This is placeholder content for the daily reading.,,- Reading covers Patriarchs and Prophets pages 559-562 | Key theme: Faith and obedience | Application: Reflect on God's guidance
3,9,30,Gen 36:11,Patriarchs and Prophets pp. 563-567,563,567,,,,930,Sample text from Patriarchs and Prophets pages 563-567. This is placeholder content for the daily reading.,,- Reading covers Patriarchs and Prophets pages 563-567 | Key theme: Faith and obedience | Application: Reflect on God's guidance
3,10,1,Gen 26:15,Patriarchs and Prophets pp. 568-572,568,572,,,,1001,Sample text from Patriarchs and Prophets pages 568-572. This is placeholder content for the daily reading.,,- Reading covers Patriarchs and Prophets pages 568-572 | Key theme: Faith and obedience | Application: Reflect on God's guidance
3,10,2,Gen 33:10,Patriarchs and Prophets pp. 573-577,573,577,,,,1002,Sample text from Patriarchs and Prophets pages 573-577. This is placeholder content for the daily reading.,,- Reading covers Patriarchs and Prophets pages 573-577 | Key theme: Faith and obedience | Application: Reflect on God's guidance
3,10,3,Gen 1:16,Patriarchs and Prophets pp. 578-581,578,581,,,,1003,Sample text from Patriarchs and Prophets pages 578-581. This is placeholder content for the daily reading.,,- Reading covers Patriarchs and Prophets pages 578-581 | Key theme: Faith and obedience | Application: Reflect on God's guidance
3,10,4,Gen 3:3,Patriarchs and Prophets pp. 582-586,582,586,,,,1004,Sample text from Patriarchs and Prophets pages 582-586. This is placeholder content for the daily reading.,,- Reading covers Patriarchs and Prophets pages 582-586 | Key theme: Faith and obedience | Application: Reflect on God's guidance
3,10,5,Gen 41:5,Patriarchs and Prophets pp. 587-592,587,592,,,,1005,Sample text from Patriarchs and Prophets pages 587-592. This is placeholder content for the daily reading.,,- Reading covers Patriarchs and Prophets pages 587-592 | Key theme: Faith and obedience | Application: Reflect on God's guidance
3,10,6,Gen 43:11,Patriarchs and Prophets pp. 593-598,593,598,,,,1006,Sample text from Patriarchs and Prophets pages 593-598. This is placeholder content for the daily reading.,,- Reading covers Patriarchs and Prophets pages 593-598 | Key theme: Faith and obedience | Application: Reflect on God's guidance
3,10,7,Gen 39:6,Patriarchs and Prophets pp. 599-604,599,604,,,,1007,Sample text from Patriarchs and Prophets pages 599-604. This is placeholder content for the daily reading.,,- Reading covers Patriarchs and Prophets pages 599-604 | Key theme: Faith and obedience | Application: Reflect on God's guidance
3,10,8,Gen 4:7,Patriarchs and Prophets pp. 605-609,605,609,,,,1008,Sample text from Patriarchs and Prophets pages 605-609. This is placeholder content for the daily reading.,,- Reading covers Patriarchs and Prophets pages 605-609 | Key theme: Faith and obedience | Application: Reflect on God's guidance
3,10,9,Gen 1:15,Patriarchs and Prophets pp. 610-614,610,614,,,,1009,Sample text from Patriarchs and Prophets pages 610-614. This is placeholder content for the daily reading.,,- Reading covers Patriarchs and Prophets pages 610-614 | Key theme: Faith and obedience | Application: Reflect on God's guidance
3,10,10,Gen 10:10,Patriarchs and Prophets pp. 615-619,615,619,,,,1010,Sample text from Patriarchs and Prophets pages 615-619. This is placeholder content for the daily reading.,,- Reading covers Patriarchs and Prophets pages 615-619 | Key theme: Faith and obedience | Application: Reflect on God's guidance
3,10,11,Gen 32:4,Patriarchs and Prophets pp. 620-625,620,625,,,,1011,Sample text from Patriarchs and Prophets pages 620-625. This is placeholder content for the daily reading.,,- Reading covers Patriarchs and Prophets pages 620-625 | Key theme: Faith and obedience | Application: Reflect on God's guidance
3,10,12,Gen 19:16,Patriarchs and Prophets pp. 626-631,626,631,,,,1012,Sample text from Patriarchs and Prophets pages 626-631. This is placeholder content for the daily reading.,,- Reading covers Patriarchs and Prophets pages 626-631 | Key theme: Faith and obedience | Application: Reflect on God's guidance
3,10,13,Gen 9:19,Patriarchs and Prophets pp. 632-636,632,636,,,,1013,Sample text from Patriarchs and Prophets pages 632-636. This is placeholder content for the daily reading.,,- Reading covers Patriarchs and Prophets pages 632-636 | Key theme: Faith and obedience | Application: Reflect on God's guidance
3,10,14,Gen 44:8,Patriarchs and Prophets pp. 637-640,637,640,,,,1014,Sample text from Patriarchs and Prophets pages 637-640. This is placeholder content for the daily reading.,,- Reading covers Patriarchs and Prophets pages 637-640 | Key theme: Faith and obedience | Application: Reflect on God's guidance
3,10,15,Gen 41:2,Patriarchs and Prophets pp. 641-646,641,646,,,,1015,Sample text from Patriarchs and Prophets pages 641-646. This is placeholder content for the daily reading.,,- Reading covers Patriarchs and Prophets pages 641-646 | Key theme: Faith and obedience | Application: Reflect on God's guidance
3,10,16,Gen 28:10,Patriarchs and Prophets pp. 647-651,647,651,,,,1016,Sample text from Patriarchs and Prophets pages 647-651. This is placeholder content for the daily reading.,,- Reading covers Patriarchs and Prophets pages 647-651 | Key theme: Faith and obedience | Application: Reflect on God's guidance
3,10,17,Gen 24:11,Patriarchs and Prophets pp. 652-655,652,655,,,,1017,Sample text from Patriarchs and Prophets pages 652-655. This is placeholder content for the daily reading.,,- Reading covers Patriarchs and Prophets pages 652-655 | Key theme: Faith and obedience | Application: Reflect on God's guidance
3,10,18,Gen 32:18,Patriarchs and Prophets pp. 656-660,656,660,,,,1018,Sample text from Patriarchs and Prophets pages 656-660. This is placeholder content for the daily reading.,,- Reading covers Patriarchs and Prophets pages 656-660 | Key theme: Faith and obedience | Application: Reflect on God's guidance
3,10,19,Gen 4:9,Patriarchs and Prophets pp. 661-664,661,664,,,,1019,Sample text from Patriarchs and Prophets pages 661-664. This is placeholder content for the daily reading.,,- Reading covers Patriarchs and Prophets pages 661-664 | Key theme: Faith and obedience | Application: Reflect on God's guidance
3,10,20,Gen 46:13,Patriarchs and Prophets pp. 665-669,665,669,,,,1020,Sample text from Patriarchs and Prophets pages 665-669. This is placeholder content for the daily reading.,,- Reading covers Patriarchs and Prophets pages 665-669 | Key theme: Faith and obedience | Application: Reflect on God's guidance
3,10,21,Gen 33:16,Patriarchs and Prophets pp. 670-675,670,675,,,,1021,Sample text from Patriarchs and Prophets pages 670-675. This is placeholder content for the daily reading.,,- Reading covers Patriarchs and Prophets pages 670-675 | Key theme: Faith and obedience | Application: Reflect on God's guidance
3,10,22,Gen 34:8,Patriarchs and Prophets pp. 676-679,676,679,,,,1022,Sample text from Patriarchs and Prophets pages 676-679. This is placeholder content for the daily reading.,,- Reading covers Patriarchs and Prophets pages 676-679 | Key theme: Faith and obedience | Application: Reflect on God's guidance
3,10,23,Gen 1:9,Patriarchs and Prophets pp. 680-685,680,685,,,,1023,Sample text from Patriarchs and Prophets pages 680-685. This is placeholder content for the daily reading.,,- Reading covers Patriarchs and Prophets pages 680-685 | Key theme: Faith and obedience | Application: Reflect on God's guidance
3,10,24,Gen 7:14,Patriarchs and Prophets pp. 686-690,686,690,,,,1024,Sample text from Patriarchs and Prophets pages 686-690. This is placeholder content for the daily reading.,,- Reading covers Patriarchs and Prophets pages 686-690 | Key theme: Faith and obedience | Application: Reflect on God's guidance
3,10,25,Gen 40:18,Patriarchs and Prophets pp. 691-695,691,695,,,,1025,Sample text from Patriarchs and Prophets pages 691-695. This is placeholder content for the daily reading.,,- Reading covers Patriarchs and Prophets pages 691-695 | Key theme: Faith and obedience | Application: Reflect on God's guidance
3,10,26,Gen 37:5,Patriarchs and Prophets pp. 696-701,696,701,,,,1026,Sample text from Patriarchs and Prophets pages 696-701. This is placeholder content for the daily reading.,,- Reading covers Patriarchs and Prophets pages 696-701 | Key theme: Faith and obedience | Application: Reflect on God's guidance
3,10,27,Gen 44:9,Patriarchs and Prophets pp. 702-705,702,705,,,,1027,Sample text from Patriarchs and Prophets pages 702-705. This is placeholder content for the daily reading.,,- Reading covers Patriarchs and Prophets pages 702-705 | Key theme: Faith and obedience | Application: Reflect on God's guidance
3,10,28,Gen 18:14,Patriarchs and Prophets pp. 706-709,706,709,,,,1028,Sample text from Patriarchs and Prophets pages 706-709. This is placeholder content for the daily reading.,,- Reading covers Patriarchs and Prophets pages 706-709 | Key theme: Faith and obedience | Application: Reflect on God's guidance
3,10,29,Gen 23:1,Patriarchs and Prophets pp. 710-715,710,715,,,,1029,Sample text from Patriarchs and Prophets pages 710-715. This is placeholder content for the daily reading.,,- Reading covers Patriarchs and Prophets pages 710-715 | Key theme: Faith and obedience | Application: Reflect on God's guidance
3,10,30,Gen 24:7,Patriarchs and Prophets pp. 716-719,716,719,,,,1030,Sample text from Patriarchs and Prophets pages 716-719. This is placeholder content for the daily reading.,,- Reading covers Patriarchs and Prophets pages 716-719 | Key theme: Faith and obedience | Application: Reflect on God's guidance
3,10,31,Gen 8:5,Patriarchs and Prophets pp. 720-724,720,724,,,,1031,Sample text from Patriarchs and Prophets pages 720-724. This is placeholder content for the daily reading.,,- Reading covers Patriarchs and Prophets pages 720-724 | Key theme: Faith and obedience | Application: Reflect on God's guidance
3,11,1,Gen 21:4,Patriarchs and Prophets pp. 725-729,725,729,,,,1101,Sample text from Patriarchs and Prophets pages 725-729. This is placeholder content for the daily reading.,,- Reading covers Patriarchs and Prophets pages 725-729 | Key theme: Faith and obedience | Application: Reflect on God's guidance
3,11,2,Gen 18:3,Patriarchs and Prophets pp. 730-734,730,734,,,,1102,Sample text from Patriarchs and Prophets pages 730-734. This is placeholder content for the daily reading.,,- Reading covers Patriarchs and Prophets pages 730-734 | Key theme: Faith and obedience | Application: Reflect on God's guidance
3,11,3,Gen 31:11,Patriarchs and Prophets pp. 735-739,735,739,,,,1103,Sample text from Patriarchs and Prophets pages 735-739. This is placeholder content for the daily reading.,,- Reading covers Patriarchs and Prophets pages 735-739 | Key theme: Faith and obedience | Application: Reflect on God's guidance
3,11,4,Gen 32:7,Patriarchs and Prophets pp. 740-743,740,743,,,,1104,Sample text from Patriarchs and Prophets pages 740-743. This is placeholder content for the daily reading.,,- Reading covers Patriarchs and Prophets pages 740-743 | Key theme: Faith and obedience | Application: Reflect on God's guidance
3,11,5,Gen 42:16,Patriarchs and Prophets pp. 744-749,744,749,,,,1105,Sample text from Patriarchs and Prophets pages 744-749. This is placeholder content for the daily reading.,,- Reading covers Patriarchs and Prophets pages 744-749 | Key theme: Faith and obedience | Application: Reflect on God's guidance
3,11,6,Gen 16:7,Patriarchs and Prophets pp. 750-753,750,753,,,,1106,Sample text from Patriarchs and Prophets pages 750-753. This is placeholder content for the daily reading.,,- Reading covers Patriarchs and Prophets pages 750-753 | Key theme: Faith and obedience | Application: Reflect on God's guidance
3,11,7,Gen 5:1,Patriarchs and Prophets pp. 754-757,754,757,,,,1107,Sample text from Patriarchs and Prophets pages 754-757. This is placeholder content for the daily reading.,,- Reading covers Patriarchs and Prophets pages 754-757 | Key theme: Faith and obedience | Application: Reflect on God's guidance
3,11,8,Gen 27:6,Patriarchs and Prophets pp. 758-761,758,761,,,,1108,Sample text from Patriarchs and Prophets pages 758-761. This is placeholder content for the daily reading.,,- Reading covers Patriarchs and Prophets pages 758-761 | Key theme: Faith and obedience | Application: Reflect on God's guidance
3,11,9,Gen 18:5,Patriarchs and Prophets pp. 762-765,762,765,,,,1109,Sample text from Patriarchs and Prophets pages 762-765. This is placeholder content for the daily reading.,,- Reading covers Patriarchs and Prophets pages 762-765 | Key theme: Faith and obedience | Application: Reflect on God's guidance
3,11,10,Gen 36:11,Patriarchs and Prophets pp. 766-770,766,770,,,,1110,Sample text from Patriarchs and Prophets pages 766-770. This is placeholder content for the daily reading.,,- Reading covers Patriarchs and Prophets pages 766-770 | Key theme: Faith and obedience | Application: Reflect on God's guidance
3,11,11,Gen 5:19,Patriarchs and Prophets pp. 771-774,771,774,,,,1111,Sample text from Patriarchs and Prophets pages 771-774. This is placeholder content for the daily reading.,,- Reading covers Patriarchs and Prophets pages 771-774 | Key theme: Faith and obedience | Application: Reflect on God's guidance
3,11,12,Gen 13:8,Patriarchs and Prophets pp. 775-779,775,779,,,,1112,Sample text from Patriarchs and Prophets pages 775-779. This is placeholder content for the daily reading.,,- Reading covers Patriarchs and Prophets pages 775-779 | Key theme: Faith and obedience | Application: Reflect on God's guidance
3,11,13,Gen 17:8,Patriarchs and Prophets pp. 780-785,780,785,,,,1113,Sample text from Patriarchs and Prophets pages 780-785. This is placeholder content for the daily reading.,,- Reading covers Patriarchs and Prophets pages 780-785 | Key theme: Faith and obedience | Application: Reflect on God's guidance
3,11,14,Gen 32:5,Patriarchs and Prophets pp. 786-789,786,789,,,,1114,Sample text from Patriarchs and Prophets pages 786-789. This is placeholder content for the daily reading.,,- Reading covers Patriarchs and Prophets pages 786-789 | Key theme: Faith and obedience | Application: Reflect on God's guidance
3,11,15,Gen 7:14,Patriarchs and Prophets pp. 790-795,790,795,,,,1115,Sample text from Patriarchs and Prophets pages 790-795. This is placeholder content for the daily reading.,,- Reading covers Patriarchs and Prophets pages 790-795 | Key theme: Faith and obedience | Application: Reflect on God's guidance
3,11,16,Gen 5:12,Patriarchs and Prophets pp. 796-800,796,800,,,,1116,Sample text from Patriarchs and Prophets pages 796-800. This is placeholder content for the daily reading.,,- Reading covers Patriarchs and Prophets pages 796-800 | Key theme: Faith and obedience | Application: Reflect on God's guidance
3,11,17,Gen 9:3,Patriarchs and Prophets pp. 1-4,1,4,,,,1117,Sample text from Patriarchs and Prophets pages 1-4. This is placeholder content for the daily reading.,,- Reading covers Patriarchs and Prophets pages 1-4 | Key theme: Faith and obedience | Application: Reflect on God's guidance
3,11,18,Gen 7:2,Patriarchs and Prophets pp. 5-10,5,10,,,,1118,Sample text from Patriarchs and Prophets pages 5-10. This is placeholder content for the daily reading.,,- Reading covers Patriarchs and Prophets pages 5-10 | Key theme: Faith and obedience | Application: Reflect on God's guidance
3,11,19,Gen 8:17,Patriarchs and Prophets pp. 11-14,11,14,,,,1119,Sample text from Patriarchs and Prophets pages 11-14. This is placeholder content for the daily reading.,,- Reading covers Patriarchs and Prophets pages 11-14 | Key theme: Faith and obedience | Application: Reflect on God's guidance
3,11,20,Gen 25:19,Patriarchs and Prophets pp. 15-20,15,20,,,,1120,Sample text from Patriarchs and Prophets pages 15-20. This is placeholder content for the daily reading.,,- Reading covers Patriarchs and Prophets pages 15-20 | Key theme: Faith and obedience | Application: Reflect on God's guidance
3,11,21,Gen 13:17,Patriarchs and Prophets pp. 21-26,21,26,,,,1121,Sample text from Patriarchs and Prophets pages 21-26. This is placeholder content for the daily reading.,,- Reading covers Patriarchs and Prophets pages 21-26 | Key theme: Faith and obedience | Application: Reflect on God's guidance
3,11,22,Gen 48:11,Patriarchs and Prophets pp. 27-32,27,32,,,,1122,Sample text from Patriarchs and Prophets pages 27-32. This is placeholder content for the daily reading.,,- Reading covers Patriarchs and Prophets pages 27-32 | Key theme: Faith and obedience | Application: Reflect on God's guidance
3,11,23,Gen 21:12,Patriarchs and Prophets pp. 33-37,33,37,,,,1123,Sample text from Patriarchs and Prophets pages 33-37. This is placeholder content for the daily reading.,,- Reading covers Patriarchs and Prophets pages 33-37 | Key theme: Faith and obedience | Application: Reflect on God's guidance
3,11,24,Gen 17:19,Patriarchs and Prophets pp. 38-42,38,42,,,,1124,Sample text from Patriarchs and Prophets pages 38-42. This is placeholder content for the daily reading.,,- Reading covers Patriarchs and Prophets pages 38-42 | Key theme: Faith and obedience | Application: Reflect on God's guidance
3,11,25,Gen 6:9,Patriarchs and Prophets pp. 43-48,43,48,,,,1125,Sample text from Patriarchs and Prophets pages 43-48. This is placeholder content for the daily reading.,,- Reading covers Patriarchs and Prophets pages 43-48 | Key theme: Faith and obedience | Application: Reflect on God's guidance
3,11,26,Gen 13:8,Patriarchs and Prophets pp. 49-54,49,54,,,,1126,Sample text from Patriarchs and Prophets pages 49-54. This is placeholder content for the daily reading.,,- Reading covers Patriarchs and Prophets pages 49-54 | Key theme: Faith and obedience | Application: Reflect on God's guidance
3,11,27,Gen 34:6,Patriarchs and Prophets pp. 55-59,55,59,,,,1127,Sample text from Patriarchs and Prophets pages 55-59. This is placeholder content for the daily reading.,,- Reading covers Patriarchs and Prophets pages 55-59 | Key theme: Faith and obedience | Application: Reflect on God's guidance
3,11,28,Gen 11:11,Patriarchs and Prophets pp. 60-64,60,64,,,,1128,Sample text from Patriarchs and Prophets pages 60-64. This is placeholder content for the daily reading.,,- Reading covers Patriarchs and Prophets pages 60-64 | Key theme: Faith and obedience | Application: Reflect on God's guidance
3,11,29,Gen 7:19,Patriarchs and Prophets pp. 65-69,65,69,,,,1129,Sample text from Patriarchs and Prophets pages 65-69. This is placeholder content for the daily reading.,,- Reading covers Patriarchs and Prophets pages 65-69 | Key theme: Faith and obedience | Application: Reflect on God's guidance
3,11,30,Gen 12:3,Patriarchs and Prophets pp. 70-75,70,75,,,,1130,Sample text from Patriarchs and Prophets pages 70-75. This is placeholder content for the daily reading.,,- Reading covers Patriarchs and Prophets pages 70-75 | Key theme: Faith and obedience | Application: Reflect on God's guidance
3,12,1,Gen 40:16,Patriarchs and Prophets pp. 76-80,76,80,,,,1201,Sample text from Patriarchs and Prophets pages 76-80. This is placeholder content for the daily reading.,,- Reading covers Patriarchs and Prophets pages 76-80 | Key theme: Faith and obedience | Application: Reflect on God's guidance
3,12,2,Gen 9:8,Patriarchs and Prophets pp. 81-85,81,85,,,,1202,Sample text from Patriarchs and Prophets pages 81-85. This is placeholder content for the daily reading.,,- Reading covers Patriarchs and Prophets pages 81-85 | Key theme: Faith and obedience | Application: Reflect on God's guidance
3,12,3,Gen 47:3,Patriarchs and Prophets pp. 86-90,86,90,,,,1203,Sample text from Patriarchs and Prophets pages 86-90. This is placeholder content for the daily reading.,,- Reading covers Patriarchs and Prophets pages 86-90 | Key theme: Faith and obedience | Application: Reflect on God's guidance
3,12,4,Gen 3:13,Patriarchs and Prophets pp. 91-94,91,94,,,,1204,Sample text from Patriarchs and Prophets pages 91-94. This is placeholder content for the daily reading.,,- Reading covers Patriarchs and Prophets pages 91-94 | Key theme: Faith and obedience | Application: Reflect on God's guidance
3,12,5,Gen 37:17,Patriarchs and Prophets pp. 95-98,95,98,,,,1205,Sample text from Patriarchs and Prophets pages 95-98. This is placeholder content for the daily reading.,,- Reading covers Patriarchs and Prophets pages 95-98 | Key theme: Faith and obedience | Application: Reflect on God's guidance
3,12,6,Gen 2:1,Patriarchs and Prophets pp. 99-102,99,102,,,,1206,Sample text from Patriarchs and Prophets pages 99-102. This is placeholder content for the daily reading.,,- Reading covers Patriarchs and Prophets pages 99-102 | Key theme: Faith and obedience | Application: Reflect on God's guidance
3,12,7,Gen 21:18,Patriarchs and Prophets pp. 103-107,103,107,,,,1207,Sample text from Patriarchs and Prophets pages 103-107. This is placeholder content for the daily reading.,,- Reading covers Patriarchs and Prophets pages 103-107 | Key theme: Faith and obedience | Application: Reflect on God's guidance
3,12,8,Gen 16:16,Patriarchs and Prophets pp. 108-112,108,112,,,,1208,Sample text from Patriarchs and Prophets pages 108-112. This is placeholder content for the daily reading.,,- Reading covers Patriarchs and Prophets pages 108-112 | Key theme: Faith and obedience | Application: Reflect on God's guidance
3,12,9,Gen 17:1,Patriarchs and Prophets pp. 113-118,113,118,,,,1209,Sample text from Patriarchs and Prophets pages 113-118. This is placeholder content for the daily reading.,,- Reading covers Patriarchs and Prophets pages 113-118 | Key theme: Faith and obedience | Application: Reflect on God's guidance
3,12,10,Gen 30:16,Patriarchs and Prophets pp. 119-123,119,123,,,,1210,Sample text from Patriarchs and Prophets pages 119-123. This is placeholder content for the daily reading.,,- Reading covers Patriarchs and Prophets pages 119-123 | Key theme: Faith and obedience | Application: Reflect on God's guidance
3,12,11,Gen 22:4,Patriarchs and Prophets pp. 124-128,124,128,,,,1211,Sample text from Patriarchs and Prophets pages 124-128. This is placeholder content for the daily reading.,,- Reading covers Patriarchs and Prophets pages 124-128 | Key theme: Faith and obedience | Application: Reflect on God's guidance
3,12,12,Gen 46:11,Patriarchs and Prophets pp. 129-133,129,133,,,,1212,Sample text from Patriarchs and Prophets pages 129-133. This is placeholder content for the daily reading.,,- Reading covers Patriarchs and Prophets pages 129-133 | Key theme: Faith and obedience | Application: Reflect on God's guidance
3,12,13,Gen 29:18,Patriarchs and Prophets pp. 134-137,134,137,,,,1213,Sample text from Patriarchs and Prophets pages 134-137. This is placeholder content for the daily reading.,,- Reading covers Patriarchs and Prophets pages 134-137 | Key theme: Faith and obedience | Application: Reflect on God's guidance
3,12,14,Gen 21:6,Patriarchs and Prophets pp. 138-141,138,141,,,,1214,Sample text from Patriarchs and Prophets pages 138-141. This is placeholder content for the daily reading.,,- Reading covers Patriarchs and Prophets pages 138-141 | Key theme: Faith and obedience | Application: Reflect on God's guidance
3,12,15,Gen 22:13,Patriarchs and Prophets pp. 142-145,142,145,,,,1215,Sample text from Patriarchs and Prophets pages 142-145. This is placeholder content for the daily reading.,,- Reading covers Patriarchs and Prophets pages 142-145 | Key theme: Faith and obedience | Application: Reflect on God's guidance
3,12,16,Gen 29:9,Patriarchs and Prophets pp. 146-150,146,150,,,,1216,Sample text from Patriarchs and Prophets pages 146-150. This is placeholder content for the daily reading.,,- Reading covers Patriarchs and Prophets pages 146-150 | Key theme: Faith and obedience | Application: Reflect on God's guidance
3,12,17,Gen 12:2,Patriarchs and Prophets pp. 151-156,151,156,,,,1217,Sample text from Patriarchs and Prophets pages 151-156. This is placeholder content for the daily reading.,,- Reading covers Patriarchs and Prophets pages 151-156 | Key theme: Faith and obedience | Application: Reflect on God's guidance
3,12,18,Gen 16:16,Patriarchs and Prophets pp. 157-162,157,162,,,,1218,Sample text from Patriarchs and Prophets pages 157-162. This is placeholder content for the daily reading.,,- Reading covers Patriarchs and Prophets pages 157-162 | Key theme: Faith and obedience | Application: Reflect on God's guidance
3,12,19,Gen 2:10,Patriarchs and Prophets pp. 163-166,163,166,,,,1219,Sample text from Patriarchs and Prophets pages 163-166. This is placeholder content for the daily reading.,,- Reading covers Patriarchs and Prophets pages 163-166 | Key theme: Faith and obedience | Application: Reflect on God's guidance
3,12,20,Gen 32:16,Patriarchs and Prophets pp. 167-170,167,170,,,,1220,Sample text from Patriarchs and Prophets pages 167-170. This is placeholder content for the daily reading.,,- Reading covers Patriarchs and Prophets pages 167-170 | Key theme: Faith and obedience | Application: Reflect on God's guidance
3,12,21,Gen 1:7,Patriarchs and Prophets pp. 171-175,171,175,,,,1221,Sample text from Patriarchs and Prophets pages 171-175. This is placeholder content for the daily reading.,,- Reading covers Patriarchs and Prophets pages 171-175 | Key theme: Faith and obedience | Application: Reflect on God's guidance
3,12,22,Gen 28:12,Patriarchs and Prophets pp. 176-179,176,179,,,,1222,Sample text from Patriarchs and Prophets pages 176-179. This is placeholder content for the daily reading.,,- Reading covers Patriarchs and Prophets pages 176-179 | Key theme: Faith and obedience | Application: Reflect on God's guidance
3,12,23,Gen 27:16,Patriarchs and Prophets pp. 180-184,180,184,,,,1223,Sample text from Patriarchs and Prophets pages 180-184. This is placeholder content for the daily reading.,,- Reading covers Patriarchs and Prophets pages 180-184 | Key theme: Faith and obedience | Application: Reflect on God's guidance
3,12,24,Gen 1:9,Patriarchs and Prophets pp. 185-188,185,188,,,,1224,Sample text from Patriarchs and Prophets pages 185-188. This is placeholder content for the daily reading.,,- Reading covers Patriarchs and Prophets pages 185-188 | Key theme: Faith and obedience | Application: Reflect on God's guidance
3,12,25,Gen 26:19,Patriarchs and Prophets pp. 189-192,189,192,,,,1225,Sample text from Patriarchs and Prophets pages 189-192. This is placeholder content for the daily reading.,,- Reading covers Patriarchs and Prophets pages 189-192 | Key theme: Faith and obedience | Application: Reflect on God's guidance
3,12,26,Gen 12:17,Patriarchs and Prophets pp. 193-197,193,197,,,,1226,Sample text from Patriarchs and Prophets pages 193-197. This is placeholder content for the daily reading.,,- Reading covers Patriarchs and Prophets pages 193-197 | Key theme: Faith and obedience | Application: Reflect on God's guidance
3,12,27,Gen 6:15,Patriarchs and Prophets pp. 198-201,198,201,,,,1227,Sample text from Patriarchs and Prophets pages 198-201. This is placeholder content for the daily reading.,,- Reading covers Patriarchs and Prophets pages 198-201 | Key theme: Faith and obedience | Application: Reflect on God's guidance
3,12,28,Gen 32:7,Patriarchs and Prophets pp. 202-206,202,206,,,,1228,Sample text from Patriarchs and Prophets pages 202-206. This is placeholder content for the daily reading.,,- Reading covers Patriarchs and Prophets pages 202-206 | Key theme: Faith and obedience | Application: Reflect on God's guidance
3,12,29,Gen 32:3,Patriarchs and Prophets pp. 207-212,207,212,,,,1229,Sample text from Patriarchs and Prophets pages 207-212. This is placeholder content for the daily reading.,,- Reading covers Patriarchs and Prophets pages 207-212 | Key theme: Faith and obedience | Application: Reflect on God's guidance
3,12,30,Gen 14:18,Patriarchs and Prophets pp. 213-217,213,217,,,,1230,Sample text from Patriarchs and Prophets pages 213-217. This is placeholder content for the daily reading.,,- Reading covers Patriarchs and Prophets pages 213-217 | Key theme: Faith and obedience | Application: Reflect on God's guidance
3,12,31,Gen 8:18,Patriarchs and Prophets pp. 218-221,218,221,,,,1231,Sample text from Patriarchs and Prophets pages 218-221. This is placeholder content for the daily reading.,,- Reading covers Patriarchs and Prophets pages 218-221 | Key theme: Faith and obedience | Application: Reflect on God's guidance
