SeriesId,Month,Day,BibleReading,PrimaryBookPageRange,PrimaryBookPageStart,PrimaryBookPageEnd,SecondaryBookPageRange,SecondaryBookPageStart,SecondaryBookPageEnd,SortOrder,FullTextPrimary,FullTextSecondary,SummaryPoints
2,1,1,Acts 11:4,Acts of the Apostles pp. 1-6,1,6,The Great Controversy pp. 689-691,689,691,101,Sample text from Acts of the Apostles pages 1-6. This is placeholder content for the daily reading.,Sample text from The Great Controversy pages 689-691.,"- Reading covers Acts of the Apostles pages 1-6
- Key theme: Faith and obedience
- Application: Reflect on God's guidance"
2,1,2,Acts 22:9,Acts of the Apostles pp. 7-10,7,10,The Great Controversy pp. 158-160,158,160,102,Sample text from Acts of the Apostles pages 7-10. This is placeholder content for the daily reading.,Sample text from The Great Controversy pages 158-160.,"- Reading covers Acts of the Apostles pages 7-10
- Key theme: Faith and obedience
- Application: Reflect on God's guidance"
2,1,3,Acts 1:1,Acts of the Apostles pp. 11-16,11,16,The Great Controversy pp. 357-359,357,359,103,Sample text from Acts of the Apostles pages 11-16. This is placeholder content for the daily reading.,Sample text from The Great Controversy pages 357-359.,"- Reading covers Acts of the Apostles pages 11-16
- Key theme: Faith and obedience
- Application: Reflect on God's guidance"
2,1,4,Acts 19:5,Acts of the Apostles pp. 17-20,17,20,The Great Controversy pp. 512-514,512,514,104,Sample text from Acts of the Apostles pages 17-20. This is placeholder content for the daily reading.,Sample text from The Great Controversy pages 512-514.,"- Reading covers Acts of the Apostles pages 17-20
- Key theme: Faith and obedience
- Application: Reflect on God's guidance"
2,1,5,Acts 10:7,Acts of the Apostles pp. 21-24,21,24,The Great Controversy pp. 512-515,512,515,105,Sample text from Acts of the Apostles pages 21-24. This is placeholder content for the daily reading.,Sample text from The Great Controversy pages 512-515.,"- Reading covers Acts of the Apostles pages 21-24
- Key theme: Faith and obedience
- Application: Reflect on God's guidance"
2,1,6,Acts 18:18,Acts of the Apostles pp. 25-30,25,30,The Great Controversy pp. 70-73,70,73,106,Sample text from Acts of the Apostles pages 25-30. This is placeholder content for the daily reading.,Sample text from The Great Controversy pages 70-73.,"- Reading covers Acts of the Apostles pages 25-30
- Key theme: Faith and obedience
- Application: Reflect on God's guidance"
2,1,7,Acts 27:2,Acts of the Apostles pp. 31-36,31,36,The Great Controversy pp. 28-30,28,30,107,Sample text from Acts of the Apostles pages 31-36. This is placeholder content for the daily reading.,Sample text from The Great Controversy pages 28-30.,"- Reading covers Acts of the Apostles pages 31-36
- Key theme: Faith and obedience
- Application: Reflect on God's guidance"
2,1,8,Acts 19:15,Acts of the Apostles pp. 37-42,37,42,The Great Controversy pp. 480-482,480,482,108,Sample text from Acts of the Apostles pages 37-42. This is placeholder content for the daily reading.,Sample text from The Great Controversy pages 480-482.,"- Reading covers Acts of the Apostles pages 37-42
- Key theme: Faith and obedience
- Application: Reflect on God's guidance"
2,1,9,Acts 8:6,Acts of the Apostles pp. 43-46,43,46,The Great Controversy pp. 350-353,350,353,109,Sample text from Acts of the Apostles pages 43-46. This is placeholder content for the daily reading.,Sample text from The Great Controversy pages 350-353.,"- Reading covers Acts of the Apostles pages 43-46
- Key theme: Faith and obedience
- Application: Reflect on God's guidance"
2,1,10,Acts 1:10,Acts of the Apostles pp. 47-51,47,51,The Great Controversy pp. 240-242,240,242,110,Sample text from Acts of the Apostles pages 47-51. This is placeholder content for the daily reading.,Sample text from The Great Controversy pages 240-242.,"- Reading covers Acts of the Apostles pages 47-51
- Key theme: Faith and obedience
- Application: Reflect on God's guidance"
2,1,11,Acts 17:2,Acts of the Apostles pp. 52-56,52,56,The Great Controversy pp. 626-629,626,629,111,Sample text from Acts of the Apostles pages 52-56. This is placeholder content for the daily reading.,Sample text from The Great Controversy pages 626-629.,"- Reading covers Acts of the Apostles pages 52-56
- Key theme: Faith and obedience
- Application: Reflect on God's guidance"
2,1,12,Acts 3:9,Acts of the Apostles pp. 57-61,57,61,The Great Controversy pp. 63-65,63,65,112,Sample text from Acts of the Apostles pages 57-61. This is placeholder content for the daily reading.,Sample text from The Great Controversy pages 63-65.,"- Reading covers Acts of the Apostles pages 57-61
- Key theme: Faith and obedience
- Application: Reflect on God's guidance"
2,1,13,Acts 24:7,Acts of the Apostles pp. 62-66,62,66,The Great Controversy pp. 373-375,373,375,113,Sample text from Acts of the Apostles pages 62-66. This is placeholder content for the daily reading.,Sample text from The Great Controversy pages 373-375.,"- Reading covers Acts of the Apostles pages 62-66
- Key theme: Faith and obedience
- Application: Reflect on God's guidance"
2,1,14,Acts 26:19,Acts of the Apostles pp. 67-72,67,72,The Great Controversy pp. 119-122,119,122,114,Sample text from Acts of the Apostles pages 67-72. This is placeholder content for the daily reading.,Sample text from The Great Controversy pages 119-122.,"- Reading covers Acts of the Apostles pages 67-72
- Key theme: Faith and obedience
- Application: Reflect on God's guidance"
2,1,15,Acts 26:11,Acts of the Apostles pp. 73-77,73,77,The Great Controversy pp. 447-449,447,449,115,Sample text from Acts of the Apostles pages 73-77. This is placeholder content for the daily reading.,Sample text from The Great Controversy pages 447-449.,"- Reading covers Acts of the Apostles pages 73-77
- Key theme: Faith and obedience
- Application: Reflect on God's guidance"
2,1,16,Acts 3:16,Acts of the Apostles pp. 78-83,78,83,The Great Controversy pp. 539-541,539,541,116,Sample text from Acts of the Apostles pages 78-83. This is placeholder content for the daily reading.,Sample text from The Great Controversy pages 539-541.,"- Reading covers Acts of the Apostles pages 78-83
- Key theme: Faith and obedience
- Application: Reflect on God's guidance"
2,1,17,Acts 5:12,Acts of the Apostles pp. 84-89,84,89,The Great Controversy pp. 429-431,429,431,117,Sample text from Acts of the Apostles pages 84-89. This is placeholder content for the daily reading.,Sample text from The Great Controversy pages 429-431.,"- Reading covers Acts of the Apostles pages 84-89
- Key theme: Faith and obedience
- Application: Reflect on God's guidance"
2,1,18,Acts 25:4,Acts of the Apostles pp. 90-93,90,93,The Great Controversy pp. 310-313,310,313,118,Sample text from Acts of the Apostles pages 90-93. This is placeholder content for the daily reading.,Sample text from The Great Controversy pages 310-313.,"- Reading covers Acts of the Apostles pages 90-93
- Key theme: Faith and obedience
- Application: Reflect on God's guidance"
2,1,19,Acts 7:13,Acts of the Apostles pp. 94-99,94,99,The Great Controversy pp. 273-275,273,275,119,Sample text from Acts of the Apostles pages 94-99. This is placeholder content for the daily reading.,Sample text from The Great Controversy pages 273-275.,"- Reading covers Acts of the Apostles pages 94-99
- Key theme: Faith and obedience
- Application: Reflect on God's guidance"
2,1,20,Acts 25:14,Acts of the Apostles pp. 100-103,100,103,The Great Controversy pp. 290-292,290,292,120,Sample text from Acts of the Apostles pages 100-103. This is placeholder content for the daily reading.,Sample text from The Great Controversy pages 290-292.,"- Reading covers Acts of the Apostles pages 100-103
- Key theme: Faith and obedience
- Application: Reflect on God's guidance"
2,1,21,Acts 2:7,Acts of the Apostles pp. 104-108,104,108,The Great Controversy pp. 567-570,567,570,121,Sample text from Acts of the Apostles pages 104-108. This is placeholder content for the daily reading.,Sample text from The Great Controversy pages 567-570.,"- Reading covers Acts of the Apostles pages 104-108
- Key theme: Faith and obedience
- Application: Reflect on God's guidance"
2,1,22,Acts 2:9,Acts of the Apostles pp. 109-114,109,114,The Great Controversy pp. 593-596,593,596,122,Sample text from Acts of the Apostles pages 109-114. This is placeholder content for the daily reading.,Sample text from The Great Controversy pages 593-596.,"- Reading covers Acts of the Apostles pages 109-114
- Key theme: Faith and obedience
- Application: Reflect on God's guidance"
2,1,23,Acts 7:13,Acts of the Apostles pp. 115-119,115,119,The Great Controversy pp. 524-527,524,527,123,Sample text from Acts of the Apostles pages 115-119. This is placeholder content for the daily reading.,Sample text from The Great Controversy pages 524-527.,"- Reading covers Acts of the Apostles pages 115-119
- Key theme: Faith and obedience
- Application: Reflect on God's guidance"
2,1,24,Acts 8:14,Acts of the Apostles pp. 120-124,120,124,The Great Controversy pp. 339-342,339,342,124,Sample text from Acts of the Apostles pages 120-124. This is placeholder content for the daily reading.,Sample text from The Great Controversy pages 339-342.,"- Reading covers Acts of the Apostles pages 120-124
- Key theme: Faith and obedience
- Application: Reflect on God's guidance"
2,1,25,Acts 20:10,Acts of the Apostles pp. 125-130,125,130,The Great Controversy pp. 182-185,182,185,125,Sample text from Acts of the Apostles pages 125-130. This is placeholder content for the daily reading.,Sample text from The Great Controversy pages 182-185.,"- Reading covers Acts of the Apostles pages 125-130
- Key theme: Faith and obedience
- Application: Reflect on God's guidance"
2,1,26,Acts 9:4,Acts of the Apostles pp. 131-135,131,135,The Great Controversy pp. 139-142,139,142,126,Sample text from Acts of the Apostles pages 131-135. This is placeholder content for the daily reading.,Sample text from The Great Controversy pages 139-142.,"- Reading covers Acts of the Apostles pages 131-135
- Key theme: Faith and obedience
- Application: Reflect on God's guidance"
2,1,27,Acts 10:8,Acts of the Apostles pp. 136-141,136,141,The Great Controversy pp. 415-418,415,418,127,Sample text from Acts of the Apostles pages 136-141. This is placeholder content for the daily reading.,Sample text from The Great Controversy pages 415-418.,"- Reading covers Acts of the Apostles pages 136-141
- Key theme: Faith and obedience
- Application: Reflect on God's guidance"
2,1,28,Acts 23:15,Acts of the Apostles pp. 142-147,142,147,The Great Controversy pp. 504-506,504,506,128,Sample text from Acts of the Apostles pages 142-147. This is placeholder content for the daily reading.,Sample text from The Great Controversy pages 504-506.,"- Reading covers Acts of the Apostles pages 142-147
- Key theme: Faith and obedience
- Application: Reflect on God's guidance"
2,1,29,Acts 13:7,Acts of the Apostles pp. 148-151,148,151,The Great Controversy pp. 461-464,461,464,129,Sample text from Acts of the Apostles pages 148-151. This is placeholder content for the daily reading.,Sample text from The Great Controversy pages 461-464.,"- Reading covers Acts of the Apostles pages 148-151
- Key theme: Faith and obedience
- Application: Reflect on God's guidance"
2,1,30,Acts 16:18,Acts of the Apostles pp. 152-156,152,156,The Great Controversy pp. 621-624,621,624,130,Sample text from Acts of the Apostles pages 152-156. This is placeholder content for the daily reading.,Sample text from The Great Controversy pages 621-624.,"- Reading covers Acts of the Apostles pages 152-156
- Key theme: Faith and obedience
- Application: Reflect on God's guidance"
2,1,31,Acts 6:5,Acts of the Apostles pp. 157-162,157,162,The Great Controversy pp. 443-445,443,445,131,Sample text from Acts of the Apostles pages 157-162. This is placeholder content for the daily reading.,Sample text from The Great Controversy pages 443-445.,"- Reading covers Acts of the Apostles pages 157-162
- Key theme: Faith and obedience
- Application: Reflect on God's guidance"
2,2,1,Acts 15:2,Acts of the Apostles pp. 163-168,163,168,The Great Controversy pp. 37-40,37,40,201,Sample text from Acts of the Apostles pages 163-168. This is placeholder content for the daily reading.,Sample text from The Great Controversy pages 37-40.,"- Reading covers Acts of the Apostles pages 163-168
- Key theme: Faith and obedience
- Application: Reflect on God's guidance"
2,2,2,Acts 25:5,Acts of the Apostles pp. 169-173,169,173,The Great Controversy pp. 674-677,674,677,202,Sample text from Acts of the Apostles pages 169-173. This is placeholder content for the daily reading.,Sample text from The Great Controversy pages 674-677.,"- Reading covers Acts of the Apostles pages 169-173
- Key theme: Faith and obedience
- Application: Reflect on God's guidance"
2,2,3,Acts 23:2,Acts of the Apostles pp. 174-177,174,177,The Great Controversy pp. 27-30,27,30,203,Sample text from Acts of the Apostles pages 174-177. This is placeholder content for the daily reading.,Sample text from The Great Controversy pages 27-30.,"- Reading covers Acts of the Apostles pages 174-177
- Key theme: Faith and obedience
- Application: Reflect on God's guidance"
2,2,4,Acts 14:1,Acts of the Apostles pp. 178-182,178,182,The Great Controversy pp. 83-86,83,86,204,Sample text from Acts of the Apostles pages 178-182. This is placeholder content for the daily reading.,Sample text from The Great Controversy pages 83-86.,"- Reading covers Acts of the Apostles pages 178-182
- Key theme: Faith and obedience
- Application: Reflect on God's guidance"
2,2,5,Acts 10:17,Acts of the Apostles pp. 183-187,183,187,The Great Controversy pp. 496-498,496,498,205,Sample text from Acts of the Apostles pages 183-187. This is placeholder content for the daily reading.,Sample text from The Great Controversy pages 496-498.,"- Reading covers Acts of the Apostles pages 183-187
- Key theme: Faith and obedience
- Application: Reflect on God's guidance"
2,2,6,Acts 11:6,Acts of the Apostles pp. 188-193,188,193,The Great Controversy pp. 173-175,173,175,206,Sample text from Acts of the Apostles pages 188-193. This is placeholder content for the daily reading.,Sample text from The Great Controversy pages 173-175.,"- Reading covers Acts of the Apostles pages 188-193
- Key theme: Faith and obedience
- Application: Reflect on God's guidance"
2,2,7,Acts 3:15,Acts of the Apostles pp. 194-199,194,199,The Great Controversy pp. 207-210,207,210,207,Sample text from Acts of the Apostles pages 194-199. This is placeholder content for the daily reading.,Sample text from The Great Controversy pages 207-210.,"- Reading covers Acts of the Apostles pages 194-199
- Key theme: Faith and obedience
- Application: Reflect on God's guidance"
2,2,8,Acts 22:14,Acts of the Apostles pp. 200-203,200,203,The Great Controversy pp. 117-120,117,120,208,Sample text from Acts of the Apostles pages 200-203. This is placeholder content for the daily reading.,Sample text from The Great Controversy pages 117-120.,"- Reading covers Acts of the Apostles pages 200-203
- Key theme: Faith and obedience
- Application: Reflect on God's guidance"
2,2,9,Acts 7:8,Acts of the Apostles pp. 204-207,204,207,The Great Controversy pp. 532-535,532,535,209,Sample text from Acts of the Apostles pages 204-207. This is placeholder content for the daily reading.,Sample text from The Great Controversy pages 532-535.,"- Reading covers Acts of the Apostles pages 204-207
- Key theme: Faith and obedience
- Application: Reflect on God's guidance"
2,2,10,Acts 14:17,Acts of the Apostles pp. 208-213,208,213,The Great Controversy pp. 93-95,93,95,210,Sample text from Acts of the Apostles pages 208-213. This is placeholder content for the daily reading.,Sample text from The Great Controversy pages 93-95.,"- Reading covers Acts of the Apostles pages 208-213
- Key theme: Faith and obedience
- Application: Reflect on God's guidance"
2,2,11,Acts 5:3,Acts of the Apostles pp. 214-218,214,218,The Great Controversy pp. 62-65,62,65,211,Sample text from Acts of the Apostles pages 214-218. This is placeholder content for the daily reading.,Sample text from The Great Controversy pages 62-65.,"- Reading covers Acts of the Apostles pages 214-218
- Key theme: Faith and obedience
- Application: Reflect on God's guidance"
2,2,12,Acts 18:7,Acts of the Apostles pp. 219-223,219,223,The Great Controversy pp. 579-582,579,582,212,Sample text from Acts of the Apostles pages 219-223. This is placeholder content for the daily reading.,Sample text from The Great Controversy pages 579-582.,"- Reading covers Acts of the Apostles pages 219-223
- Key theme: Faith and obedience
- Application: Reflect on God's guidance"
2,2,13,Acts 18:19,Acts of the Apostles pp. 224-229,224,229,The Great Controversy pp. 668-670,668,670,213,Sample text from Acts of the Apostles pages 224-229. This is placeholder content for the daily reading.,Sample text from The Great Controversy pages 668-670.,"- Reading covers Acts of the Apostles pages 224-229
- Key theme: Faith and obedience
- Application: Reflect on God's guidance"
2,2,14,Acts 2:15,Acts of the Apostles pp. 230-235,230,235,The Great Controversy pp. 164-167,164,167,214,Sample text from Acts of the Apostles pages 230-235. This is placeholder content for the daily reading.,Sample text from The Great Controversy pages 164-167.,"- Reading covers Acts of the Apostles pages 230-235
- Key theme: Faith and obedience
- Application: Reflect on God's guidance"
2,2,15,Acts 22:17,Acts of the Apostles pp. 236-241,236,241,The Great Controversy pp. 92-94,92,94,215,Sample text from Acts of the Apostles pages 236-241. This is placeholder content for the daily reading.,Sample text from The Great Controversy pages 92-94.,"- Reading covers Acts of the Apostles pages 236-241
- Key theme: Faith and obedience
- Application: Reflect on God's guidance"
2,2,16,Acts 27:3,Acts of the Apostles pp. 242-245,242,245,The Great Controversy pp. 118-121,118,121,216,Sample text from Acts of the Apostles pages 242-245. This is placeholder content for the daily reading.,Sample text from The Great Controversy pages 118-121.,"- Reading covers Acts of the Apostles pages 242-245
- Key theme: Faith and obedience
- Application: Reflect on God's guidance"
2,2,17,Acts 15:3,Acts of the Apostles pp. 246-249,246,249,The Great Controversy pp. 656-659,656,659,217,Sample text from Acts of the Apostles pages 246-249. This is placeholder content for the daily reading.,Sample text from The Great Controversy pages 656-659.,"- Reading covers Acts of the Apostles pages 246-249
- Key theme: Faith and obedience
- Application: Reflect on God's guidance"
2,2,18,Acts 27:14,Acts of the Apostles pp. 250-254,250,254,The Great Controversy pp. 283-285,283,285,218,Sample text from Acts of the Apostles pages 250-254. This is placeholder content for the daily reading.,Sample text from The Great Controversy pages 283-285.,"- Reading covers Acts of the Apostles pages 250-254
- Key theme: Faith and obedience
- Application: Reflect on God's guidance"
2,2,19,Acts 12:18,Acts of the Apostles pp. 255-259,255,259,The Great Controversy pp. 256-258,256,258,219,Sample text from Acts of the Apostles pages 255-259. This is placeholder content for the daily reading.,Sample text from The Great Controversy pages 256-258.,"- Reading covers Acts of the Apostles pages 255-259
- Key theme: Faith and obedience
- Application: Reflect on God's guidance"
2,2,20,Acts 7:9,Acts of the Apostles pp. 260-265,260,265,The Great Controversy pp. 388-391,388,391,220,Sample text from Acts of the Apostles pages 260-265. This is placeholder content for the daily reading.,Sample text from The Great Controversy pages 388-391.,"- Reading covers Acts of the Apostles pages 260-265
- Key theme: Faith and obedience
- Application: Reflect on God's guidance"
2,2,21,Acts 20:13,Acts of the Apostles pp. 266-270,266,270,The Great Controversy pp. 421-423,421,423,221,Sample text from Acts of the Apostles pages 266-270. This is placeholder content for the daily reading.,Sample text from The Great Controversy pages 421-423.,"- Reading covers Acts of the Apostles pages 266-270
- Key theme: Faith and obedience
- Application: Reflect on God's guidance"
2,2,22,Acts 10:19,Acts of the Apostles pp. 271-275,271,275,The Great Controversy pp. 607-610,607,610,222,Sample text from Acts of the Apostles pages 271-275. This is placeholder content for the daily reading.,Sample text from The Great Controversy pages 607-610.,"- Reading covers Acts of the Apostles pages 271-275
- Key theme: Faith and obedience
- Application: Reflect on God's guidance"
2,2,23,Acts 15:4,Acts of the Apostles pp. 276-280,276,280,The Great Controversy pp. 213-216,213,216,223,Sample text from Acts of the Apostles pages 276-280. This is placeholder content for the daily reading.,Sample text from The Great Controversy pages 213-216.,"- Reading covers Acts of the Apostles pages 276-280
- Key theme: Faith and obedience
- Application: Reflect on God's guidance"
2,2,24,Acts 14:2,Acts of the Apostles pp. 281-285,281,285,The Great Controversy pp. 214-217,214,217,224,Sample text from Acts of the Apostles pages 281-285. This is placeholder content for the daily reading.,Sample text from The Great Controversy pages 214-217.,"- Reading covers Acts of the Apostles pages 281-285
- Key theme: Faith and obedience
- Application: Reflect on God's guidance"
2,2,25,Acts 10:8,Acts of the Apostles pp. 286-291,286,291,The Great Controversy pp. 682-685,682,685,225,Sample text from Acts of the Apostles pages 286-291. This is placeholder content for the daily reading.,Sample text from The Great Controversy pages 682-685.,"- Reading covers Acts of the Apostles pages 286-291
- Key theme: Faith and obedience
- Application: Reflect on God's guidance"
2,2,26,Acts 25:10,Acts of the Apostles pp. 292-296,292,296,The Great Controversy pp. 88-91,88,91,226,Sample text from Acts of the Apostles pages 292-296. This is placeholder content for the daily reading.,Sample text from The Great Controversy pages 88-91.,"- Reading covers Acts of the Apostles pages 292-296
- Key theme: Faith and obedience
- Application: Reflect on God's guidance"
2,2,27,Acts 15:11,Acts of the Apostles pp. 297-302,297,302,The Great Controversy pp. 378-381,378,381,227,Sample text from Acts of the Apostles pages 297-302. This is placeholder content for the daily reading.,Sample text from The Great Controversy pages 378-381.,"- Reading covers Acts of the Apostles pages 297-302
- Key theme: Faith and obedience
- Application: Reflect on God's guidance"
2,2,28,Acts 25:11,Acts of the Apostles pp. 303-307,303,307,The Great Controversy pp. 339-341,339,341,228,Sample text from Acts of the Apostles pages 303-307. This is placeholder content for the daily reading.,Sample text from The Great Controversy pages 339-341.,"- Reading covers Acts of the Apostles pages 303-307
- Key theme: Faith and obedience
- Application: Reflect on God's guidance"
2,2,29,Acts 27:16,Acts of the Apostles pp. 308-311,308,311,The Great Controversy pp. 479-482,479,482,229,Sample text from Acts of the Apostles pages 308-311. This is placeholder content for the daily reading.,Sample text from The Great Controversy pages 479-482.,"- Reading covers Acts of the Apostles pages 308-311
- Key theme: Faith and obedience
- Application: Reflect on God's guidance"
2,3,1,Acts 7:12,Acts of the Apostles pp. 312-315,312,315,The Great Controversy pp. 561-564,561,564,301,Sample text from Acts of the Apostles pages 312-315. This is placeholder content for the daily reading.,Sample text from The Great Controversy pages 561-564.,"- Reading covers Acts of the Apostles pages 312-315
- Key theme: Faith and obedience
- Application: Reflect on God's guidance"
2,3,2,Acts 6:3,Acts of the Apostles pp. 316-319,316,319,The Great Controversy pp. 603-606,603,606,302,Sample text from Acts of the Apostles pages 316-319. This is placeholder content for the daily reading.,Sample text from The Great Controversy pages 603-606.,"- Reading covers Acts of the Apostles pages 316-319
- Key theme: Faith and obedience
- Application: Reflect on God's guidance"
2,3,3,Acts 10:13,Acts of the Apostles pp. 320-323,320,323,The Great Controversy pp. 445-447,445,447,303,Sample text from Acts of the Apostles pages 320-323. This is placeholder content for the daily reading.,Sample text from The Great Controversy pages 445-447.,"- Reading covers Acts of the Apostles pages 320-323
- Key theme: Faith and obedience
- Application: Reflect on God's guidance"
2,3,4,Acts 24:17,Acts of the Apostles pp. 324-329,324,329,The Great Controversy pp. 234-237,234,237,304,Sample text from Acts of the Apostles pages 324-329. This is placeholder content for the daily reading.,Sample text from The Great Controversy pages 234-237.,"- Reading covers Acts of the Apostles pages 324-329
- Key theme: Faith and obedience
- Application: Reflect on God's guidance"
2,3,5,Acts 27:13,Acts of the Apostles pp. 330-333,330,333,The Great Controversy pp. 308-310,308,310,305,Sample text from Acts of the Apostles pages 330-333. This is placeholder content for the daily reading.,Sample text from The Great Controversy pages 308-310.,"- Reading covers Acts of the Apostles pages 330-333
- Key theme: Faith and obedience
- Application: Reflect on God's guidance"
2,3,6,Acts 26:11,Acts of the Apostles pp. 334-338,334,338,The Great Controversy pp. 154-157,154,157,306,Sample text from Acts of the Apostles pages 334-338. This is placeholder content for the daily reading.,Sample text from The Great Controversy pages 154-157.,"- Reading covers Acts of the Apostles pages 334-338
- Key theme: Faith and obedience
- Application: Reflect on God's guidance"
2,3,7,Acts 15:14,Acts of the Apostles pp. 339-344,339,344,The Great Controversy pp. 207-210,207,210,307,Sample text from Acts of the Apostles pages 339-344. This is placeholder content for the daily reading.,Sample text from The Great Controversy pages 207-210.,"- Reading covers Acts of the Apostles pages 339-344
- Key theme: Faith and obedience
- Application: Reflect on God's guidance"
2,3,8,Acts 9:13,Acts of the Apostles pp. 345-348,345,348,The Great Controversy pp. 398-400,398,400,308,Sample text from Acts of the Apostles pages 345-348. This is placeholder content for the daily reading.,Sample text from The Great Controversy pages 398-400.,"- Reading covers Acts of the Apostles pages 345-348
- Key theme: Faith and obedience
- Application: Reflect on God's guidance"
2,3,9,Acts 11:14,Acts of the Apostles pp. 349-354,349,354,The Great Controversy pp. 598-601,598,601,309,Sample text from Acts of the Apostles pages 349-354. This is placeholder content for the daily reading.,Sample text from The Great Controversy pages 598-601.,"- Reading covers Acts of the Apostles pages 349-354
- Key theme: Faith and obedience
- Application: Reflect on God's guidance"
2,3,10,Acts 7:18,Acts of the Apostles pp. 355-358,355,358,The Great Controversy pp. 317-319,317,319,310,Sample text from Acts of the Apostles pages 355-358. This is placeholder content for the daily reading.,Sample text from The Great Controversy pages 317-319.,"- Reading covers Acts of the Apostles pages 355-358
- Key theme: Faith and obedience
- Application: Reflect on God's guidance"
2,3,11,Acts 3:10,Acts of the Apostles pp. 359-362,359,362,The Great Controversy pp. 624-627,624,627,311,Sample text from Acts of the Apostles pages 359-362. This is placeholder content for the daily reading.,Sample text from The Great Controversy pages 624-627.,"- Reading covers Acts of the Apostles pages 359-362
- Key theme: Faith and obedience
- Application: Reflect on God's guidance"
2,3,12,Acts 17:3,Acts of the Apostles pp. 363-366,363,366,The Great Controversy pp. 513-515,513,515,312,Sample text from Acts of the Apostles pages 363-366. This is placeholder content for the daily reading.,Sample text from The Great Controversy pages 513-515.,"- Reading covers Acts of the Apostles pages 363-366
- Key theme: Faith and obedience
- Application: Reflect on God's guidance"
2,3,13,Acts 17:18,Acts of the Apostles pp. 367-370,367,370,The Great Controversy pp. 244-247,244,247,313,Sample text from Acts of the Apostles pages 367-370. This is placeholder content for the daily reading.,Sample text from The Great Controversy pages 244-247.,"- Reading covers Acts of the Apostles pages 367-370
- Key theme: Faith and obedience
- Application: Reflect on God's guidance"
2,3,14,Acts 19:7,Acts of the Apostles pp. 371-376,371,376,The Great Controversy pp. 481-484,481,484,314,Sample text from Acts of the Apostles pages 371-376. This is placeholder content for the daily reading.,Sample text from The Great Controversy pages 481-484.,"- Reading covers Acts of the Apostles pages 371-376
- Key theme: Faith and obedience
- Application: Reflect on God's guidance"
2,3,15,Acts 5:6,Acts of the Apostles pp. 377-381,377,381,The Great Controversy pp. 693-695,693,695,315,Sample text from Acts of the Apostles pages 377-381. This is placeholder content for the daily reading.,Sample text from The Great Controversy pages 693-695.,"- Reading covers Acts of the Apostles pages 377-381
- Key theme: Faith and obedience
- Application: Reflect on God's guidance"
2,3,16,Acts 9:15,Acts of the Apostles pp. 382-386,382,386,The Great Controversy pp. 616-619,616,619,316,Sample text from Acts of the Apostles pages 382-386. This is placeholder content for the daily reading.,Sample text from The Great Controversy pages 616-619.,"- Reading covers Acts of the Apostles pages 382-386
- Key theme: Faith and obedience
- Application: Reflect on God's guidance"
2,3,17,Acts 2:3,Acts of the Apostles pp. 387-390,387,390,The Great Controversy pp. 561-563,561,563,317,Sample text from Acts of the Apostles pages 387-390. This is placeholder content for the daily reading.,Sample text from The Great Controversy pages 561-563.,"- Reading covers Acts of the Apostles pages 387-390
- Key theme: Faith and obedience
- Application: Reflect on God's guidance"
2,3,18,Acts 1:16,Acts of the Apostles pp. 391-396,391,396,The Great Controversy pp. 466-469,466,469,318,Sample text from Acts of the Apostles pages 391-396. This is placeholder content for the daily reading.,Sample text from The Great Controversy pages 466-469.,"- Reading covers Acts of the Apostles pages 391-396
- Key theme: Faith and obedience
- Application: Reflect on God's guidance"
2,3,19,Acts 5:18,Acts of the Apostles pp. 397-401,397,401,The Great Controversy pp. 395-397,395,397,319,Sample text from Acts of the Apostles pages 397-401. This is placeholder content for the daily reading.,Sample text from The Great Controversy pages 395-397.,"- Reading covers Acts of the Apostles pages 397-401
- Key theme: Faith and obedience
- Application: Reflect on God's guidance"
2,3,20,Acts 13:7,Acts of the Apostles pp. 402-405,402,405,The Great Controversy pp. 97-100,97,100,320,Sample text from Acts of the Apostles pages 402-405. This is placeholder content for the daily reading.,Sample text from The Great Controversy pages 97-100.,"- Reading covers Acts of the Apostles pages 402-405
- Key theme: Faith and obedience
- Application: Reflect on God's guidance"
2,3,21,Acts 24:5,Acts of the Apostles pp. 406-410,406,410,The Great Controversy pp. 413-415,413,415,321,Sample text from Acts of the Apostles pages 406-410. This is placeholder content for the daily reading.,Sample text from The Great Controversy pages 413-415.,"- Reading covers Acts of the Apostles pages 406-410
- Key theme: Faith and obedience
- Application: Reflect on God's guidance"
2,3,22,Acts 22:10,Acts of the Apostles pp. 411-414,411,414,The Great Controversy pp. 584-587,584,587,322,Sample text from Acts of the Apostles pages 411-414. This is placeholder content for the daily reading.,Sample text from The Great Controversy pages 584-587.,"- Reading covers Acts of the Apostles pages 411-414
- Key theme: Faith and obedience
- Application: Reflect on God's guidance"
2,3,23,Acts 23:6,Acts of the Apostles pp. 415-420,415,420,The Great Controversy pp. 555-558,555,558,323,Sample text from Acts of the Apostles pages 415-420. This is placeholder content for the daily reading.,Sample text from The Great Controversy pages 555-558.,"- Reading covers Acts of the Apostles pages 415-420
- Key theme: Faith and obedience
- Application: Reflect on God's guidance"
2,3,24,Acts 14:3,Acts of the Apostles pp. 421-424,421,424,The Great Controversy pp. 111-114,111,114,324,Sample text from Acts of the Apostles pages 421-424. This is placeholder content for the daily reading.,Sample text from The Great Controversy pages 111-114.,"- Reading covers Acts of the Apostles pages 421-424
- Key theme: Faith and obedience
- Application: Reflect on God's guidance"
2,3,25,Acts 24:14,Acts of the Apostles pp. 425-430,425,430,The Great Controversy pp. 529-531,529,531,325,Sample text from Acts of the Apostles pages 425-430. This is placeholder content for the daily reading.,Sample text from The Great Controversy pages 529-531.,"- Reading covers Acts of the Apostles pages 425-430
- Key theme: Faith and obedience
- Application: Reflect on God's guidance"
2,3,26,Acts 7:15,Acts of the Apostles pp. 431-434,431,434,The Great Controversy pp. 612-615,612,615,326,Sample text from Acts of the Apostles pages 431-434. This is placeholder content for the daily reading.,Sample text from The Great Controversy pages 612-615.,"- Reading covers Acts of the Apostles pages 431-434
- Key theme: Faith and obedience
- Application: Reflect on God's guidance"
2,3,27,Acts 27:13,Acts of the Apostles pp. 435-438,435,438,The Great Controversy pp. 72-74,72,74,327,Sample text from Acts of the Apostles pages 435-438. This is placeholder content for the daily reading.,Sample text from The Great Controversy pages 72-74.,"- Reading covers Acts of the Apostles pages 435-438
- Key theme: Faith and obedience
- Application: Reflect on God's guidance"
2,3,28,Acts 23:10,Acts of the Apostles pp. 439-443,439,443,The Great Controversy pp. 520-522,520,522,328,Sample text from Acts of the Apostles pages 439-443. This is placeholder content for the daily reading.,Sample text from The Great Controversy pages 520-522.,"- Reading covers Acts of the Apostles pages 439-443
- Key theme: Faith and obedience
- Application: Reflect on God's guidance"
2,3,29,Acts 15:19,Acts of the Apostles pp. 444-447,444,447,The Great Controversy pp. 489-491,489,491,329,Sample text from Acts of the Apostles pages 444-447. This is placeholder content for the daily reading.,Sample text from The Great Controversy pages 489-491.,"- Reading covers Acts of the Apostles pages 444-447
- Key theme: Faith and obedience
- Application: Reflect on God's guidance"
2,3,30,Acts 24:3,Acts of the Apostles pp. 448-453,448,453,The Great Controversy pp. 612-615,612,615,330,Sample text from Acts of the Apostles pages 448-453. This is placeholder content for the daily reading.,Sample text from The Great Controversy pages 612-615.,"- Reading covers Acts of the Apostles pages 448-453
- Key theme: Faith and obedience
- Application: Reflect on God's guidance"
2,3,31,Acts 10:4,Acts of the Apostles pp. 454-458,454,458,The Great Controversy pp. 205-207,205,207,331,Sample text from Acts of the Apostles pages 454-458. This is placeholder content for the daily reading.,Sample text from The Great Controversy pages 205-207.,"- Reading covers Acts of the Apostles pages 454-458
- Key theme: Faith and obedience
- Application: Reflect on God's guidance"
2,4,1,Acts 5:9,Acts of the Apostles pp. 459-463,459,463,The Great Controversy pp. 200-203,200,203,401,Sample text from Acts of the Apostles pages 459-463. This is placeholder content for the daily reading.,Sample text from The Great Controversy pages 200-203.,"- Reading covers Acts of the Apostles pages 459-463
- Key theme: Faith and obedience
- Application: Reflect on God's guidance"
2,4,2,Acts 2:12,Acts of the Apostles pp. 464-469,464,469,The Great Controversy pp. 622-625,622,625,402,Sample text from Acts of the Apostles pages 464-469. This is placeholder content for the daily reading.,Sample text from The Great Controversy pages 622-625.,"- Reading covers Acts of the Apostles pages 464-469
- Key theme: Faith and obedience
- Application: Reflect on God's guidance"
2,4,3,Acts 5:4,Acts of the Apostles pp. 470-475,470,475,The Great Controversy pp. 211-213,211,213,403,Sample text from Acts of the Apostles pages 470-475. This is placeholder content for the daily reading.,Sample text from The Great Controversy pages 211-213.,"- Reading covers Acts of the Apostles pages 470-475
- Key theme: Faith and obedience
- Application: Reflect on God's guidance"
2,4,4,Acts 27:8,Acts of the Apostles pp. 476-479,476,479,The Great Controversy pp. 81-84,81,84,404,Sample text from Acts of the Apostles pages 476-479. This is placeholder content for the daily reading.,Sample text from The Great Controversy pages 81-84.,"- Reading covers Acts of the Apostles pages 476-479
- Key theme: Faith and obedience
- Application: Reflect on God's guidance"
2,4,5,Acts 26:19,Acts of the Apostles pp. 480-483,480,483,The Great Controversy pp. 372-375,372,375,405,Sample text from Acts of the Apostles pages 480-483. This is placeholder content for the daily reading.,Sample text from The Great Controversy pages 372-375.,"- Reading covers Acts of the Apostles pages 480-483
- Key theme: Faith and obedience
- Application: Reflect on God's guidance"
2,4,6,Acts 3:17,Acts of the Apostles pp. 484-487,484,487,The Great Controversy pp. 652-654,652,654,406,Sample text from Acts of the Apostles pages 484-487. This is placeholder content for the daily reading.,Sample text from The Great Controversy pages 652-654.,"- Reading covers Acts of the Apostles pages 484-487
- Key theme: Faith and obedience
- Application: Reflect on God's guidance"
2,4,7,Acts 22:7,Acts of the Apostles pp. 488-493,488,493,The Great Controversy pp. 52-55,52,55,407,Sample text from Acts of the Apostles pages 488-493. This is placeholder content for the daily reading.,Sample text from The Great Controversy pages 52-55.,"- Reading covers Acts of the Apostles pages 488-493
- Key theme: Faith and obedience
- Application: Reflect on God's guidance"
2,4,8,Acts 11:5,Acts of the Apostles pp. 494-497,494,497,The Great Controversy pp. 621-623,621,623,408,Sample text from Acts of the Apostles pages 494-497. This is placeholder content for the daily reading.,Sample text from The Great Controversy pages 621-623.,"- Reading covers Acts of the Apostles pages 494-497
- Key theme: Faith and obedience
- Application: Reflect on God's guidance"
2,4,9,Acts 25:2,Acts of the Apostles pp. 498-501,498,501,The Great Controversy pp. 641-643,641,643,409,Sample text from Acts of the Apostles pages 498-501. This is placeholder content for the daily reading.,Sample text from The Great Controversy pages 641-643.,"- Reading covers Acts of the Apostles pages 498-501
- Key theme: Faith and obedience
- Application: Reflect on God's guidance"
2,4,10,Acts 20:17,Acts of the Apostles pp. 502-506,502,506,The Great Controversy pp. 436-439,436,439,410,Sample text from Acts of the Apostles pages 502-506. This is placeholder content for the daily reading.,Sample text from The Great Controversy pages 436-439.,"- Reading covers Acts of the Apostles pages 502-506
- Key theme: Faith and obedience
- Application: Reflect on God's guidance"
2,4,11,Acts 27:2,Acts of the Apostles pp. 507-511,507,511,The Great Controversy pp. 365-368,365,368,411,Sample text from Acts of the Apostles pages 507-511. This is placeholder content for the daily reading.,Sample text from The Great Controversy pages 365-368.,"- Reading covers Acts of the Apostles pages 507-511
- Key theme: Faith and obedience
- Application: Reflect on God's guidance"
2,4,12,Acts 5:18,Acts of the Apostles pp. 512-516,512,516,The Great Controversy pp. 500-503,500,503,412,Sample text from Acts of the Apostles pages 512-516. This is placeholder content for the daily reading.,Sample text from The Great Controversy pages 500-503.,"- Reading covers Acts of the Apostles pages 512-516
- Key theme: Faith and obedience
- Application: Reflect on God's guidance"
2,4,13,Acts 6:14,Acts of the Apostles pp. 517-522,517,522,The Great Controversy pp. 381-384,381,384,413,Sample text from Acts of the Apostles pages 517-522. This is placeholder content for the daily reading.,Sample text from The Great Controversy pages 381-384.,"- Reading covers Acts of the Apostles pages 517-522
- Key theme: Faith and obedience
- Application: Reflect on God's guidance"
2,4,14,Acts 23:2,Acts of the Apostles pp. 523-528,523,528,The Great Controversy pp. 259-262,259,262,414,Sample text from Acts of the Apostles pages 523-528. This is placeholder content for the daily reading.,Sample text from The Great Controversy pages 259-262.,"- Reading covers Acts of the Apostles pages 523-528
- Key theme: Faith and obedience
- Application: Reflect on God's guidance"
2,4,15,Acts 21:10,Acts of the Apostles pp. 529-534,529,534,The Great Controversy pp. 693-696,693,696,415,Sample text from Acts of the Apostles pages 529-534. This is placeholder content for the daily reading.,Sample text from The Great Controversy pages 693-696.,"- Reading covers Acts of the Apostles pages 529-534
- Key theme: Faith and obedience
- Application: Reflect on God's guidance"
2,4,16,Acts 24:2,Acts of the Apostles pp. 535-538,535,538,The Great Controversy pp. 33-35,33,35,416,Sample text from Acts of the Apostles pages 535-538. This is placeholder content for the daily reading.,Sample text from The Great Controversy pages 33-35.,"- Reading covers Acts of the Apostles pages 535-538
- Key theme: Faith and obedience
- Application: Reflect on God's guidance"
2,4,17,Acts 7:5,Acts of the Apostles pp. 539-543,539,543,The Great Controversy pp. 223-226,223,226,417,Sample text from Acts of the Apostles pages 539-543. This is placeholder content for the daily reading.,Sample text from The Great Controversy pages 223-226.,"- Reading covers Acts of the Apostles pages 539-543
- Key theme: Faith and obedience
- Application: Reflect on God's guidance"
2,4,18,Acts 20:16,Acts of the Apostles pp. 544-549,544,549,The Great Controversy pp. 183-185,183,185,418,Sample text from Acts of the Apostles pages 544-549. This is placeholder content for the daily reading.,Sample text from The Great Controversy pages 183-185.,"- Reading covers Acts of the Apostles pages 544-549
- Key theme: Faith and obedience
- Application: Reflect on God's guidance"
2,4,19,Acts 13:10,Acts of the Apostles pp. 550-553,550,553,The Great Controversy pp. 246-248,246,248,419,Sample text from Acts of the Apostles pages 550-553. This is placeholder content for the daily reading.,Sample text from The Great Controversy pages 246-248.,"- Reading covers Acts of the Apostles pages 550-553
- Key theme: Faith and obedience
- Application: Reflect on God's guidance"
2,4,20,Acts 6:10,Acts of the Apostles pp. 554-559,554,559,The Great Controversy pp. 669-672,669,672,420,Sample text from Acts of the Apostles pages 554-559. This is placeholder content for the daily reading.,Sample text from The Great Controversy pages 669-672.,"- Reading covers Acts of the Apostles pages 554-559
- Key theme: Faith and obedience
- Application: Reflect on God's guidance"
2,4,21,Acts 17:10,Acts of the Apostles pp. 560-565,560,565,The Great Controversy pp. 439-442,439,442,421,Sample text from Acts of the Apostles pages 560-565. This is placeholder content for the daily reading.,Sample text from The Great Controversy pages 439-442.,"- Reading covers Acts of the Apostles pages 560-565
- Key theme: Faith and obedience
- Application: Reflect on God's guidance"
2,4,22,Acts 14:2,Acts of the Apostles pp. 566-571,566,571,The Great Controversy pp. 539-542,539,542,422,Sample text from Acts of the Apostles pages 566-571. This is placeholder content for the daily reading.,Sample text from The Great Controversy pages 539-542.,"- Reading covers Acts of the Apostles pages 566-571
- Key theme: Faith and obedience
- Application: Reflect on God's guidance"
2,4,23,Acts 3:17,Acts of the Apostles pp. 572-577,572,577,The Great Controversy pp. 493-496,493,496,423,Sample text from Acts of the Apostles pages 572-577. This is placeholder content for the daily reading.,Sample text from The Great Controversy pages 493-496.,"- Reading covers Acts of the Apostles pages 572-577
- Key theme: Faith and obedience
- Application: Reflect on God's guidance"
2,4,24,Acts 26:8,Acts of the Apostles pp. 578-582,578,582,The Great Controversy pp. 572-574,572,574,424,Sample text from Acts of the Apostles pages 578-582. This is placeholder content for the daily reading.,Sample text from The Great Controversy pages 572-574.,"- Reading covers Acts of the Apostles pages 578-582
- Key theme: Faith and obedience
- Application: Reflect on God's guidance"
2,4,25,Acts 27:16,Acts of the Apostles pp. 583-586,583,586,The Great Controversy pp. 49-52,49,52,425,Sample text from Acts of the Apostles pages 583-586. This is placeholder content for the daily reading.,Sample text from The Great Controversy pages 49-52.,"- Reading covers Acts of the Apostles pages 583-586
- Key theme: Faith and obedience
- Application: Reflect on God's guidance"
2,4,26,Acts 7:3,Acts of the Apostles pp. 587-591,587,591,The Great Controversy pp. 491-494,491,494,426,Sample text from Acts of the Apostles pages 587-591. This is placeholder content for the daily reading.,Sample text from The Great Controversy pages 491-494.,"- Reading covers Acts of the Apostles pages 587-591
- Key theme: Faith and obedience
- Application: Reflect on God's guidance"
2,4,27,Acts 9:3,Acts of the Apostles pp. 592-595,592,595,The Great Controversy pp. 360-362,360,362,427,Sample text from Acts of the Apostles pages 592-595. This is placeholder content for the daily reading.,Sample text from The Great Controversy pages 360-362.,"- Reading covers Acts of the Apostles pages 592-595
- Key theme: Faith and obedience
- Application: Reflect on God's guidance"
2,4,28,Acts 21:12,Acts of the Apostles pp. 596-600,596,600,The Great Controversy pp. 456-459,456,459,428,Sample text from Acts of the Apostles pages 596-600. This is placeholder content for the daily reading.,Sample text from The Great Controversy pages 456-459.,"- Reading covers Acts of the Apostles pages 596-600
- Key theme: Faith and obedience
- Application: Reflect on God's guidance"
2,4,29,Acts 18:2,Acts of the Apostles pp. 1-4,1,4,The Great Controversy pp. 532-535,532,535,429,Sample text from Acts of the Apostles pages 1-4. This is placeholder content for the daily reading.,Sample text from The Great Controversy pages 532-535.,"- Reading covers Acts of the Apostles pages 1-4
- Key theme: Faith and obedience
- Application: Reflect on God's guidance"
2,4,30,Acts 16:16,Acts of the Apostles pp. 5-10,5,10,The Great Controversy pp. 291-294,291,294,430,Sample text from Acts of the Apostles pages 5-10. This is placeholder content for the daily reading.,Sample text from The Great Controversy pages 291-294.,"- Reading covers Acts of the Apostles pages 5-10
- Key theme: Faith and obedience
- Application: Reflect on God's guidance"
2,5,1,Acts 23:14,Acts of the Apostles pp. 11-16,11,16,The Great Controversy pp. 580-582,580,582,501,Sample text from Acts of the Apostles pages 11-16. This is placeholder content for the daily reading.,Sample text from The Great Controversy pages 580-582.,"- Reading covers Acts of the Apostles pages 11-16
- Key theme: Faith and obedience
- Application: Reflect on God's guidance"
2,5,2,Acts 22:8,Acts of the Apostles pp. 17-22,17,22,The Great Controversy pp. 494-496,494,496,502,Sample text from Acts of the Apostles pages 17-22. This is placeholder content for the daily reading.,Sample text from The Great Controversy pages 494-496.,"- Reading covers Acts of the Apostles pages 17-22
- Key theme: Faith and obedience
- Application: Reflect on God's guidance"
2,5,3,Acts 11:8,Acts of the Apostles pp. 23-27,23,27,The Great Controversy pp. 595-597,595,597,503,Sample text from Acts of the Apostles pages 23-27. This is placeholder content for the daily reading.,Sample text from The Great Controversy pages 595-597.,"- Reading covers Acts of the Apostles pages 23-27
- Key theme: Faith and obedience
- Application: Reflect on God's guidance"
2,5,4,Acts 27:7,Acts of the Apostles pp. 28-32,28,32,The Great Controversy pp. 307-310,307,310,504,Sample text from Acts of the Apostles pages 28-32. This is placeholder content for the daily reading.,Sample text from The Great Controversy pages 307-310.,"- Reading covers Acts of the Apostles pages 28-32
- Key theme: Faith and obedience
- Application: Reflect on God's guidance"
2,5,5,Acts 9:14,Acts of the Apostles pp. 33-38,33,38,The Great Controversy pp. 670-673,670,673,505,Sample text from Acts of the Apostles pages 33-38. This is placeholder content for the daily reading.,Sample text from The Great Controversy pages 670-673.,"- Reading covers Acts of the Apostles pages 33-38
- Key theme: Faith and obedience
- Application: Reflect on God's guidance"
2,5,6,Acts 25:2,Acts of the Apostles pp. 39-43,39,43,The Great Controversy pp. 381-384,381,384,506,Sample text from Acts of the Apostles pages 39-43. This is placeholder content for the daily reading.,Sample text from The Great Controversy pages 381-384.,"- Reading covers Acts of the Apostles pages 39-43
- Key theme: Faith and obedience
- Application: Reflect on God's guidance"
2,5,7,Acts 11:14,Acts of the Apostles pp. 44-49,44,49,The Great Controversy pp. 16-18,16,18,507,Sample text from Acts of the Apostles pages 44-49. This is placeholder content for the daily reading.,Sample text from The Great Controversy pages 16-18.,"- Reading covers Acts of the Apostles pages 44-49
- Key theme: Faith and obedience
- Application: Reflect on God's guidance"
2,5,8,Acts 17:6,Acts of the Apostles pp. 50-53,50,53,The Great Controversy pp. 151-154,151,154,508,Sample text from Acts of the Apostles pages 50-53. This is placeholder content for the daily reading.,Sample text from The Great Controversy pages 151-154.,"- Reading covers Acts of the Apostles pages 50-53
- Key theme: Faith and obedience
- Application: Reflect on God's guidance"
2,5,9,Acts 10:18,Acts of the Apostles pp. 54-57,54,57,The Great Controversy pp. 335-337,335,337,509,Sample text from Acts of the Apostles pages 54-57. This is placeholder content for the daily reading.,Sample text from The Great Controversy pages 335-337.,"- Reading covers Acts of the Apostles pages 54-57
- Key theme: Faith and obedience
- Application: Reflect on God's guidance"
2,5,10,Acts 8:5,Acts of the Apostles pp. 58-63,58,63,The Great Controversy pp. 252-254,252,254,510,Sample text from Acts of the Apostles pages 58-63. This is placeholder content for the daily reading.,Sample text from The Great Controversy pages 252-254.,"- Reading covers Acts of the Apostles pages 58-63
- Key theme: Faith and obedience
- Application: Reflect on God's guidance"
2,5,11,Acts 6:8,Acts of the Apostles pp. 64-69,64,69,The Great Controversy pp. 323-326,323,326,511,Sample text from Acts of the Apostles pages 64-69. This is placeholder content for the daily reading.,Sample text from The Great Controversy pages 323-326.,"- Reading covers Acts of the Apostles pages 64-69
- Key theme: Faith and obedience
- Application: Reflect on God's guidance"
2,5,12,Acts 4:15,Acts of the Apostles pp. 70-74,70,74,The Great Controversy pp. 19-22,19,22,512,Sample text from Acts of the Apostles pages 70-74. This is placeholder content for the daily reading.,Sample text from The Great Controversy pages 19-22.,"- Reading covers Acts of the Apostles pages 70-74
- Key theme: Faith and obedience
- Application: Reflect on God's guidance"
2,5,13,Acts 20:17,Acts of the Apostles pp. 75-80,75,80,The Great Controversy pp. 531-533,531,533,513,Sample text from Acts of the Apostles pages 75-80. This is placeholder content for the daily reading.,Sample text from The Great Controversy pages 531-533.,"- Reading covers Acts of the Apostles pages 75-80
- Key theme: Faith and obedience
- Application: Reflect on God's guidance"
2,5,14,Acts 18:7,Acts of the Apostles pp. 81-84,81,84,The Great Controversy pp. 567-569,567,569,514,Sample text from Acts of the Apostles pages 81-84. This is placeholder content for the daily reading.,Sample text from The Great Controversy pages 567-569.,"- Reading covers Acts of the Apostles pages 81-84
- Key theme: Faith and obedience
- Application: Reflect on God's guidance"
2,5,15,Acts 19:3,Acts of the Apostles pp. 85-90,85,90,The Great Controversy pp. 652-655,652,655,515,Sample text from Acts of the Apostles pages 85-90. This is placeholder content for the daily reading.,Sample text from The Great Controversy pages 652-655.,"- Reading covers Acts of the Apostles pages 85-90
- Key theme: Faith and obedience
- Application: Reflect on God's guidance"
2,5,16,Acts 12:5,Acts of the Apostles pp. 91-95,91,95,The Great Controversy pp. 522-525,522,525,516,Sample text from Acts of the Apostles pages 91-95. This is placeholder content for the daily reading.,Sample text from The Great Controversy pages 522-525.,"- Reading covers Acts of the Apostles pages 91-95
- Key theme: Faith and obedience
- Application: Reflect on God's guidance"
2,5,17,Acts 19:14,Acts of the Apostles pp. 96-99,96,99,The Great Controversy pp. 324-327,324,327,517,Sample text from Acts of the Apostles pages 96-99. This is placeholder content for the daily reading.,Sample text from The Great Controversy pages 324-327.,"- Reading covers Acts of the Apostles pages 96-99
- Key theme: Faith and obedience
- Application: Reflect on God's guidance"
2,5,18,Acts 1:5,Acts of the Apostles pp. 100-105,100,105,The Great Controversy pp. 141-143,141,143,518,Sample text from Acts of the Apostles pages 100-105. This is placeholder content for the daily reading.,Sample text from The Great Controversy pages 141-143.,"- Reading covers Acts of the Apostles pages 100-105
- Key theme: Faith and obedience
- Application: Reflect on God's guidance"
2,5,19,Acts 24:6,Acts of the Apostles pp. 106-109,106,109,The Great Controversy pp. 355-358,355,358,519,Sample text from Acts of the Apostles pages 106-109. This is placeholder content for the daily reading.,Sample text from The Great Controversy pages 355-358.,"- Reading covers Acts of the Apostles pages 106-109
- Key theme: Faith and obedience
- Application: Reflect on God's guidance"
2,5,20,Acts 13:3,Acts of the Apostles pp. 110-114,110,114,The Great Controversy pp. 160-163,160,163,520,Sample text from Acts of the Apostles pages 110-114. This is placeholder content for the daily reading.,Sample text from The Great Controversy pages 160-163.,"- Reading covers Acts of the Apostles pages 110-114
- Key theme: Faith and obedience
- Application: Reflect on God's guidance"
2,5,21,Acts 25:8,Acts of the Apostles pp. 115-118,115,118,The Great Controversy pp. 157-159,157,159,521,Sample text from Acts of the Apostles pages 115-118. This is placeholder content for the daily reading.,Sample text from The Great Controversy pages 157-159.,"- Reading covers Acts of the Apostles pages 115-118
- Key theme: Faith and obedience
- Application: Reflect on God's guidance"
2,5,22,Acts 2:9,Acts of the Apostles pp. 119-122,119,122,The Great Controversy pp. 489-491,489,491,522,Sample text from Acts of the Apostles pages 119-122. This is placeholder content for the daily reading.,Sample text from The Great Controversy pages 489-491.,"- Reading covers Acts of the Apostles pages 119-122
- Key theme: Faith and obedience
- Application: Reflect on God's guidance"
2,5,23,Acts 24:1,Acts of the Apostles pp. 123-126,123,126,The Great Controversy pp. 121-123,121,123,523,Sample text from Acts of the Apostles pages 123-126. This is placeholder content for the daily reading.,Sample text from The Great Controversy pages 121-123.,"- Reading covers Acts of the Apostles pages 123-126
- Key theme: Faith and obedience
- Application: Reflect on God's guidance"
2,5,24,Acts 1:8,Acts of the Apostles pp. 127-130,127,130,The Great Controversy pp. 568-571,568,571,524,Sample text from Acts of the Apostles pages 127-130. This is placeholder content for the daily reading.,Sample text from The Great Controversy pages 568-571.,"- Reading covers Acts of the Apostles pages 127-130
- Key theme: Faith and obedience
- Application: Reflect on God's guidance"
2,5,25,Acts 11:3,Acts of the Apostles pp. 131-134,131,134,The Great Controversy pp. 223-226,223,226,525,Sample text from Acts of the Apostles pages 131-134. This is placeholder content for the daily reading.,Sample text from The Great Controversy pages 223-226.,"- Reading covers Acts of the Apostles pages 131-134
- Key theme: Faith and obedience
- Application: Reflect on God's guidance"
2,5,26,Acts 12:13,Acts of the Apostles pp. 135-140,135,140,The Great Controversy pp. 188-190,188,190,526,Sample text from Acts of the Apostles pages 135-140. This is placeholder content for the daily reading.,Sample text from The Great Controversy pages 188-190.,"- Reading covers Acts of the Apostles pages 135-140
- Key theme: Faith and obedience
- Application: Reflect on God's guidance"
2,5,27,Acts 8:1,Acts of the Apostles pp. 141-144,141,144,The Great Controversy pp. 542-545,542,545,527,Sample text from Acts of the Apostles pages 141-144. This is placeholder content for the daily reading.,Sample text from The Great Controversy pages 542-545.,"- Reading covers Acts of the Apostles pages 141-144
- Key theme: Faith and obedience
- Application: Reflect on God's guidance"
2,5,28,Acts 9:10,Acts of the Apostles pp. 145-149,145,149,The Great Controversy pp. 139-142,139,142,528,Sample text from Acts of the Apostles pages 145-149. This is placeholder content for the daily reading.,Sample text from The Great Controversy pages 139-142.,"- Reading covers Acts of the Apostles pages 145-149
- Key theme: Faith and obedience
- Application: Reflect on God's guidance"
2,5,29,Acts 16:11,Acts of the Apostles pp. 150-155,150,155,The Great Controversy pp. 630-632,630,632,529,Sample text from Acts of the Apostles pages 150-155. This is placeholder content for the daily reading.,Sample text from The Great Controversy pages 630-632.,"- Reading covers Acts of the Apostles pages 150-155
- Key theme: Faith and obedience
- Application: Reflect on God's guidance"
2,5,30,Acts 24:2,Acts of the Apostles pp. 156-159,156,159,The Great Controversy pp. 87-90,87,90,530,Sample text from Acts of the Apostles pages 156-159. This is placeholder content for the daily reading.,Sample text from The Great Controversy pages 87-90.,"- Reading covers Acts of the Apostles pages 156-159
- Key theme: Faith and obedience
- Application: Reflect on God's guidance"
2,5,31,Acts 2:7,Acts of the Apostles pp. 160-164,160,164,The Great Controversy pp. 485-488,485,488,531,Sample text from Acts of the Apostles pages 160-164. This is placeholder content for the daily reading.,Sample text from The Great Controversy pages 485-488.,"- Reading covers Acts of the Apostles pages 160-164
- Key theme: Faith and obedience
- Application: Reflect on God's guidance"
2,6,1,Acts 21:2,Acts of the Apostles pp. 165-170,165,170,The Great Controversy pp. 167-169,167,169,601,Sample text from Acts of the Apostles pages 165-170. This is placeholder content for the daily reading.,Sample text from The Great Controversy pages 167-169.,"- Reading covers Acts of the Apostles pages 165-170
- Key theme: Faith and obedience
- Application: Reflect on God's guidance"
2,6,2,Acts 11:4,Acts of the Apostles pp. 171-176,171,176,The Great Controversy pp. 290-292,290,292,602,Sample text from Acts of the Apostles pages 171-176. This is placeholder content for the daily reading.,Sample text from The Great Controversy pages 290-292.,"- Reading covers Acts of the Apostles pages 171-176
- Key theme: Faith and obedience
- Application: Reflect on God's guidance"
2,6,3,Acts 24:5,Acts of the Apostles pp. 177-182,177,182,The Great Controversy pp. 425-428,425,428,603,Sample text from Acts of the Apostles pages 177-182. This is placeholder content for the daily reading.,Sample text from The Great Controversy pages 425-428.,"- Reading covers Acts of the Apostles pages 177-182
- Key theme: Faith and obedience
- Application: Reflect on God's guidance"
2,6,4,Acts 14:4,Acts of the Apostles pp. 183-188,183,188,The Great Controversy pp. 129-132,129,132,604,Sample text from Acts of the Apostles pages 183-188. This is placeholder content for the daily reading.,Sample text from The Great Controversy pages 129-132.,"- Reading covers Acts of the Apostles pages 183-188
- Key theme: Faith and obedience
- Application: Reflect on God's guidance"
2,6,5,Acts 23:5,Acts of the Apostles pp. 189-193,189,193,The Great Controversy pp. 666-669,666,669,605,Sample text from Acts of the Apostles pages 189-193. This is placeholder content for the daily reading.,Sample text from The Great Controversy pages 666-669.,"- Reading covers Acts of the Apostles pages 189-193
- Key theme: Faith and obedience
- Application: Reflect on God's guidance"
2,6,6,Acts 9:10,Acts of the Apostles pp. 194-197,194,197,The Great Controversy pp. 520-523,520,523,606,Sample text from Acts of the Apostles pages 194-197. This is placeholder content for the daily reading.,Sample text from The Great Controversy pages 520-523.,"- Reading covers Acts of the Apostles pages 194-197
- Key theme: Faith and obedience
- Application: Reflect on God's guidance"
2,6,7,Acts 26:7,Acts of the Apostles pp. 198-203,198,203,The Great Controversy pp. 14-17,14,17,607,Sample text from Acts of the Apostles pages 198-203. This is placeholder content for the daily reading.,Sample text from The Great Controversy pages 14-17.,"- Reading covers Acts of the Apostles pages 198-203
- Key theme: Faith and obedience
- Application: Reflect on God's guidance"
2,6,8,Acts 6:5,Acts of the Apostles pp. 204-208,204,208,The Great Controversy pp. 614-617,614,617,608,Sample text from Acts of the Apostles pages 204-208. This is placeholder content for the daily reading.,Sample text from The Great Controversy pages 614-617.,"- Reading covers Acts of the Apostles pages 204-208
- Key theme: Faith and obedience
- Application: Reflect on God's guidance"
2,6,9,Acts 11:3,Acts of the Apostles pp. 209-212,209,212,The Great Controversy pp. 457-460,457,460,609,Sample text from Acts of the Apostles pages 209-212. This is placeholder content for the daily reading.,Sample text from The Great Controversy pages 457-460.,"- Reading covers Acts of the Apostles pages 209-212
- Key theme: Faith and obedience
- Application: Reflect on God's guidance"
2,6,10,Acts 18:10,Acts of the Apostles pp. 213-217,213,217,The Great Controversy pp. 106-109,106,109,610,Sample text from Acts of the Apostles pages 213-217. This is placeholder content for the daily reading.,Sample text from The Great Controversy pages 106-109.,"- Reading covers Acts of the Apostles pages 213-217
- Key theme: Faith and obedience
- Application: Reflect on God's guidance"
2,6,11,Acts 24:3,Acts of the Apostles pp. 218-223,218,223,The Great Controversy pp. 579-581,579,581,611,Sample text from Acts of the Apostles pages 218-223. This is placeholder content for the daily reading.,Sample text from The Great Controversy pages 579-581.,"- Reading covers Acts of the Apostles pages 218-223
- Key theme: Faith and obedience
- Application: Reflect on God's guidance"
2,6,12,Acts 14:3,Acts of the Apostles pp. 224-227,224,227,The Great Controversy pp. 375-377,375,377,612,Sample text from Acts of the Apostles pages 224-227. This is placeholder content for the daily reading.,Sample text from The Great Controversy pages 375-377.,"- Reading covers Acts of the Apostles pages 224-227
- Key theme: Faith and obedience
- Application: Reflect on God's guidance"
2,6,13,Acts 24:9,Acts of the Apostles pp. 228-232,228,232,The Great Controversy pp. 425-427,425,427,613,Sample text from Acts of the Apostles pages 228-232. This is placeholder content for the daily reading.,Sample text from The Great Controversy pages 425-427.,"- Reading covers Acts of the Apostles pages 228-232
- Key theme: Faith and obedience
- Application: Reflect on God's guidance"
2,6,14,Acts 15:4,Acts of the Apostles pp. 233-238,233,238,The Great Controversy pp. 648-650,648,650,614,Sample text from Acts of the Apostles pages 233-238. This is placeholder content for the daily reading.,Sample text from The Great Controversy pages 648-650.,"- Reading covers Acts of the Apostles pages 233-238
- Key theme: Faith and obedience
- Application: Reflect on God's guidance"
2,6,15,Acts 7:7,Acts of the Apostles pp. 239-243,239,243,The Great Controversy pp. 324-327,324,327,615,Sample text from Acts of the Apostles pages 239-243. This is placeholder content for the daily reading.,Sample text from The Great Controversy pages 324-327.,"- Reading covers Acts of the Apostles pages 239-243
- Key theme: Faith and obedience
- Application: Reflect on God's guidance"
2,6,16,Acts 20:12,Acts of the Apostles pp. 244-247,244,247,The Great Controversy pp. 306-308,306,308,616,Sample text from Acts of the Apostles pages 244-247. This is placeholder content for the daily reading.,Sample text from The Great Controversy pages 306-308.,"- Reading covers Acts of the Apostles pages 244-247
- Key theme: Faith and obedience
- Application: Reflect on God's guidance"
2,6,17,Acts 23:8,Acts of the Apostles pp. 248-252,248,252,The Great Controversy pp. 41-44,41,44,617,Sample text from Acts of the Apostles pages 248-252. This is placeholder content for the daily reading.,Sample text from The Great Controversy pages 41-44.,"- Reading covers Acts of the Apostles pages 248-252
- Key theme: Faith and obedience
- Application: Reflect on God's guidance"
2,6,18,Acts 22:10,Acts of the Apostles pp. 253-256,253,256,The Great Controversy pp. 631-634,631,634,618,Sample text from Acts of the Apostles pages 253-256. This is placeholder content for the daily reading.,Sample text from The Great Controversy pages 631-634.,"- Reading covers Acts of the Apostles pages 253-256
- Key theme: Faith and obedience
- Application: Reflect on God's guidance"
2,6,19,Acts 3:14,Acts of the Apostles pp. 257-260,257,260,The Great Controversy pp. 440-442,440,442,619,Sample text from Acts of the Apostles pages 257-260. This is placeholder content for the daily reading.,Sample text from The Great Controversy pages 440-442.,"- Reading covers Acts of the Apostles pages 257-260
- Key theme: Faith and obedience
- Application: Reflect on God's guidance"
2,6,20,Acts 26:11,Acts of the Apostles pp. 261-265,261,265,The Great Controversy pp. 272-275,272,275,620,Sample text from Acts of the Apostles pages 261-265. This is placeholder content for the daily reading.,Sample text from The Great Controversy pages 272-275.,"- Reading covers Acts of the Apostles pages 261-265
- Key theme: Faith and obedience
- Application: Reflect on God's guidance"
2,6,21,Acts 12:11,Acts of the Apostles pp. 266-271,266,271,The Great Controversy pp. 578-580,578,580,621,Sample text from Acts of the Apostles pages 266-271. This is placeholder content for the daily reading.,Sample text from The Great Controversy pages 578-580.,"- Reading covers Acts of the Apostles pages 266-271
- Key theme: Faith and obedience
- Application: Reflect on God's guidance"
2,6,22,Acts 15:14,Acts of the Apostles pp. 272-277,272,277,The Great Controversy pp. 155-158,155,158,622,Sample text from Acts of the Apostles pages 272-277. This is placeholder content for the daily reading.,Sample text from The Great Controversy pages 155-158.,"- Reading covers Acts of the Apostles pages 272-277
- Key theme: Faith and obedience
- Application: Reflect on God's guidance"
2,6,23,Acts 25:14,Acts of the Apostles pp. 278-281,278,281,The Great Controversy pp. 183-186,183,186,623,Sample text from Acts of the Apostles pages 278-281. This is placeholder content for the daily reading.,Sample text from The Great Controversy pages 183-186.,"- Reading covers Acts of the Apostles pages 278-281
- Key theme: Faith and obedience
- Application: Reflect on God's guidance"
2,6,24,Acts 14:8,Acts of the Apostles pp. 282-287,282,287,The Great Controversy pp. 538-540,538,540,624,Sample text from Acts of the Apostles pages 282-287. This is placeholder content for the daily reading.,Sample text from The Great Controversy pages 538-540.,"- Reading covers Acts of the Apostles pages 282-287
- Key theme: Faith and obedience
- Application: Reflect on God's guidance"
2,6,25,Acts 1:6,Acts of the Apostles pp. 288-291,288,291,The Great Controversy pp. 197-199,197,199,625,Sample text from Acts of the Apostles pages 288-291. This is placeholder content for the daily reading.,Sample text from The Great Controversy pages 197-199.,"- Reading covers Acts of the Apostles pages 288-291
- Key theme: Faith and obedience
- Application: Reflect on God's guidance"
2,6,26,Acts 15:14,Acts of the Apostles pp. 292-296,292,296,The Great Controversy pp. 234-236,234,236,626,Sample text from Acts of the Apostles pages 292-296. This is placeholder content for the daily reading.,Sample text from The Great Controversy pages 234-236.,"- Reading covers Acts of the Apostles pages 292-296
- Key theme: Faith and obedience
- Application: Reflect on God's guidance"
2,6,27,Acts 5:4,Acts of the Apostles pp. 297-300,297,300,The Great Controversy pp. 586-588,586,588,627,Sample text from Acts of the Apostles pages 297-300. This is placeholder content for the daily reading.,Sample text from The Great Controversy pages 586-588.,"- Reading covers Acts of the Apostles pages 297-300
- Key theme: Faith and obedience
- Application: Reflect on God's guidance"
2,6,28,Acts 8:11,Acts of the Apostles pp. 301-306,301,306,The Great Controversy pp. 699-700,699,700,628,Sample text from Acts of the Apostles pages 301-306. This is placeholder content for the daily reading.,Sample text from The Great Controversy pages 699-700.,"- Reading covers Acts of the Apostles pages 301-306
- Key theme: Faith and obedience
- Application: Reflect on God's guidance"
2,6,29,Acts 3:6,Acts of the Apostles pp. 307-311,307,311,The Great Controversy pp. 19-21,19,21,629,Sample text from Acts of the Apostles pages 307-311. This is placeholder content for the daily reading.,Sample text from The Great Controversy pages 19-21.,"- Reading covers Acts of the Apostles pages 307-311
- Key theme: Faith and obedience
- Application: Reflect on God's guidance"
2,6,30,Acts 11:9,Acts of the Apostles pp. 312-315,312,315,The Great Controversy pp. 568-570,568,570,630,Sample text from Acts of the Apostles pages 312-315. This is placeholder content for the daily reading.,Sample text from The Great Controversy pages 568-570.,"- Reading covers Acts of the Apostles pages 312-315
- Key theme: Faith and obedience
- Application: Reflect on God's guidance"
2,7,1,Acts 16:15,Acts of the Apostles pp. 316-321,316,321,The Great Controversy pp. 176-178,176,178,701,Sample text from Acts of the Apostles pages 316-321. This is placeholder content for the daily reading.,Sample text from The Great Controversy pages 176-178.,"- Reading covers Acts of the Apostles pages 316-321
- Key theme: Faith and obedience
- Application: Reflect on God's guidance"
2,7,2,Acts 4:6,Acts of the Apostles pp. 322-327,322,327,The Great Controversy pp. 448-451,448,451,702,Sample text from Acts of the Apostles pages 322-327. This is placeholder content for the daily reading.,Sample text from The Great Controversy pages 448-451.,"- Reading covers Acts of the Apostles pages 322-327
- Key theme: Faith and obedience
- Application: Reflect on God's guidance"
2,7,3,Acts 23:7,Acts of the Apostles pp. 328-331,328,331,The Great Controversy pp. 694-697,694,697,703,Sample text from Acts of the Apostles pages 328-331. This is placeholder content for the daily reading.,Sample text from The Great Controversy pages 694-697.,"- Reading covers Acts of the Apostles pages 328-331
- Key theme: Faith and obedience
- Application: Reflect on God's guidance"
2,7,4,Acts 19:17,Acts of the Apostles pp. 332-335,332,335,The Great Controversy pp. 620-623,620,623,704,Sample text from Acts of the Apostles pages 332-335. This is placeholder content for the daily reading.,Sample text from The Great Controversy pages 620-623.,"- Reading covers Acts of the Apostles pages 332-335
- Key theme: Faith and obedience
- Application: Reflect on God's guidance"
2,7,5,Acts 27:8,Acts of the Apostles pp. 336-340,336,340,The Great Controversy pp. 447-450,447,450,705,Sample text from Acts of the Apostles pages 336-340. This is placeholder content for the daily reading.,Sample text from The Great Controversy pages 447-450.,"- Reading covers Acts of the Apostles pages 336-340
- Key theme: Faith and obedience
- Application: Reflect on God's guidance"
2,7,6,Acts 21:6,Acts of the Apostles pp. 341-344,341,344,The Great Controversy pp. 676-679,676,679,706,Sample text from Acts of the Apostles pages 341-344. This is placeholder content for the daily reading.,Sample text from The Great Controversy pages 676-679.,"- Reading covers Acts of the Apostles pages 341-344
- Key theme: Faith and obedience
- Application: Reflect on God's guidance"
2,7,7,Acts 3:17,Acts of the Apostles pp. 345-348,345,348,The Great Controversy pp. 678-680,678,680,707,Sample text from Acts of the Apostles pages 345-348. This is placeholder content for the daily reading.,Sample text from The Great Controversy pages 678-680.,"- Reading covers Acts of the Apostles pages 345-348
- Key theme: Faith and obedience
- Application: Reflect on God's guidance"
2,7,8,Acts 12:19,Acts of the Apostles pp. 349-354,349,354,The Great Controversy pp. 260-263,260,263,708,Sample text from Acts of the Apostles pages 349-354. This is placeholder content for the daily reading.,Sample text from The Great Controversy pages 260-263.,"- Reading covers Acts of the Apostles pages 349-354
- Key theme: Faith and obedience
- Application: Reflect on God's guidance"
2,7,9,Acts 27:18,Acts of the Apostles pp. 355-360,355,360,The Great Controversy pp. 338-341,338,341,709,Sample text from Acts of the Apostles pages 355-360. This is placeholder content for the daily reading.,Sample text from The Great Controversy pages 338-341.,"- Reading covers Acts of the Apostles pages 355-360
- Key theme: Faith and obedience
- Application: Reflect on God's guidance"
2,7,10,Acts 20:6,Acts of the Apostles pp. 361-366,361,366,The Great Controversy pp. 301-303,301,303,710,Sample text from Acts of the Apostles pages 361-366. This is placeholder content for the daily reading.,Sample text from The Great Controversy pages 301-303.,"- Reading covers Acts of the Apostles pages 361-366
- Key theme: Faith and obedience
- Application: Reflect on God's guidance"
2,7,11,Acts 15:11,Acts of the Apostles pp. 367-371,367,371,The Great Controversy pp. 696-699,696,699,711,Sample text from Acts of the Apostles pages 367-371. This is placeholder content for the daily reading.,Sample text from The Great Controversy pages 696-699.,"- Reading covers Acts of the Apostles pages 367-371
- Key theme: Faith and obedience
- Application: Reflect on God's guidance"
2,7,12,Acts 6:3,Acts of the Apostles pp. 372-377,372,377,The Great Controversy pp. 495-497,495,497,712,Sample text from Acts of the Apostles pages 372-377. This is placeholder content for the daily reading.,Sample text from The Great Controversy pages 495-497.,"- Reading covers Acts of the Apostles pages 372-377
- Key theme: Faith and obedience
- Application: Reflect on God's guidance"
2,7,13,Acts 23:6,Acts of the Apostles pp. 378-381,378,381,The Great Controversy pp. 478-480,478,480,713,Sample text from Acts of the Apostles pages 378-381. This is placeholder content for the daily reading.,Sample text from The Great Controversy pages 478-480.,"- Reading covers Acts of the Apostles pages 378-381
- Key theme: Faith and obedience
- Application: Reflect on God's guidance"
2,7,14,Acts 26:8,Acts of the Apostles pp. 382-385,382,385,The Great Controversy pp. 437-440,437,440,714,Sample text from Acts of the Apostles pages 382-385. This is placeholder content for the daily reading.,Sample text from The Great Controversy pages 437-440.,"- Reading covers Acts of the Apostles pages 382-385
- Key theme: Faith and obedience
- Application: Reflect on God's guidance"
2,7,15,Acts 20:10,Acts of the Apostles pp. 386-391,386,391,The Great Controversy pp. 263-266,263,266,715,Sample text from Acts of the Apostles pages 386-391. This is placeholder content for the daily reading.,Sample text from The Great Controversy pages 263-266.,"- Reading covers Acts of the Apostles pages 386-391
- Key theme: Faith and obedience
- Application: Reflect on God's guidance"
2,7,16,Acts 2:18,Acts of the Apostles pp. 392-396,392,396,The Great Controversy pp. 471-474,471,474,716,Sample text from Acts of the Apostles pages 392-396. This is placeholder content for the daily reading.,Sample text from The Great Controversy pages 471-474.,"- Reading covers Acts of the Apostles pages 392-396
- Key theme: Faith and obedience
- Application: Reflect on God's guidance"
2,7,17,Acts 13:17,Acts of the Apostles pp. 397-400,397,400,The Great Controversy pp. 564-566,564,566,717,Sample text from Acts of the Apostles pages 397-400. This is placeholder content for the daily reading.,Sample text from The Great Controversy pages 564-566.,"- Reading covers Acts of the Apostles pages 397-400
- Key theme: Faith and obedience
- Application: Reflect on God's guidance"
2,7,18,Acts 15:17,Acts of the Apostles pp. 401-405,401,405,The Great Controversy pp. 77-79,77,79,718,Sample text from Acts of the Apostles pages 401-405. This is placeholder content for the daily reading.,Sample text from The Great Controversy pages 77-79.,"- Reading covers Acts of the Apostles pages 401-405
- Key theme: Faith and obedience
- Application: Reflect on God's guidance"
2,7,19,Acts 8:5,Acts of the Apostles pp. 406-410,406,410,The Great Controversy pp. 661-663,661,663,719,Sample text from Acts of the Apostles pages 406-410. This is placeholder content for the daily reading.,Sample text from The Great Controversy pages 661-663.,"- Reading covers Acts of the Apostles pages 406-410
- Key theme: Faith and obedience
- Application: Reflect on God's guidance"
2,7,20,Acts 18:5,Acts of the Apostles pp. 411-414,411,414,The Great Controversy pp. 89-92,89,92,720,Sample text from Acts of the Apostles pages 411-414. This is placeholder content for the daily reading.,Sample text from The Great Controversy pages 89-92.,"- Reading covers Acts of the Apostles pages 411-414
- Key theme: Faith and obedience
- Application: Reflect on God's guidance"
2,7,21,Acts 10:13,Acts of the Apostles pp. 415-420,415,420,The Great Controversy pp. 372-374,372,374,721,Sample text from Acts of the Apostles pages 415-420. This is placeholder content for the daily reading.,Sample text from The Great Controversy pages 372-374.,"- Reading covers Acts of the Apostles pages 415-420
- Key theme: Faith and obedience
- Application: Reflect on God's guidance"
2,7,22,Acts 2:4,Acts of the Apostles pp. 421-426,421,426,The Great Controversy pp. 38-40,38,40,722,Sample text from Acts of the Apostles pages 421-426. This is placeholder content for the daily reading.,Sample text from The Great Controversy pages 38-40.,"- Reading covers Acts of the Apostles pages 421-426
- Key theme: Faith and obedience
- Application: Reflect on God's guidance"
2,7,23,Acts 9:9,Acts of the Apostles pp. 427-432,427,432,The Great Controversy pp. 650-652,650,652,723,Sample text from Acts of the Apostles pages 427-432. This is placeholder content for the daily reading.,Sample text from The Great Controversy pages 650-652.,"- Reading covers Acts of the Apostles pages 427-432
- Key theme: Faith and obedience
- Application: Reflect on God's guidance"
2,7,24,Acts 27:10,Acts of the Apostles pp. 433-437,433,437,The Great Controversy pp. 179-182,179,182,724,Sample text from Acts of the Apostles pages 433-437. This is placeholder content for the daily reading.,Sample text from The Great Controversy pages 179-182.,"- Reading covers Acts of the Apostles pages 433-437
- Key theme: Faith and obedience
- Application: Reflect on God's guidance"
2,7,25,Acts 2:6,Acts of the Apostles pp. 438-442,438,442,The Great Controversy pp. 103-105,103,105,725,Sample text from Acts of the Apostles pages 438-442. This is placeholder content for the daily reading.,Sample text from The Great Controversy pages 103-105.,"- Reading covers Acts of the Apostles pages 438-442
- Key theme: Faith and obedience
- Application: Reflect on God's guidance"
2,7,26,Acts 14:11,Acts of the Apostles pp. 443-447,443,447,The Great Controversy pp. 677-680,677,680,726,Sample text from Acts of the Apostles pages 443-447. This is placeholder content for the daily reading.,Sample text from The Great Controversy pages 677-680.,"- Reading covers Acts of the Apostles pages 443-447
- Key theme: Faith and obedience
- Application: Reflect on God's guidance"
2,7,27,Acts 23:15,Acts of the Apostles pp. 448-453,448,453,The Great Controversy pp. 550-553,550,553,727,Sample text from Acts of the Apostles pages 448-453. This is placeholder content for the daily reading.,Sample text from The Great Controversy pages 550-553.,"- Reading covers Acts of the Apostles pages 448-453
- Key theme: Faith and obedience
- Application: Reflect on God's guidance"
2,7,28,Acts 23:7,Acts of the Apostles pp. 454-459,454,459,The Great Controversy pp. 276-279,276,279,728,Sample text from Acts of the Apostles pages 454-459. This is placeholder content for the daily reading.,Sample text from The Great Controversy pages 276-279.,"- Reading covers Acts of the Apostles pages 454-459
- Key theme: Faith and obedience
- Application: Reflect on God's guidance"
2,7,29,Acts 9:16,Acts of the Apostles pp. 460-464,460,464,The Great Controversy pp. 539-542,539,542,729,Sample text from Acts of the Apostles pages 460-464. This is placeholder content for the daily reading.,Sample text from The Great Controversy pages 539-542.,"- Reading covers Acts of the Apostles pages 460-464
- Key theme: Faith and obedience
- Application: Reflect on God's guidance"
2,7,30,Acts 23:7,Acts of the Apostles pp. 465-468,465,468,The Great Controversy pp. 577-580,577,580,730,Sample text from Acts of the Apostles pages 465-468. This is placeholder content for the daily reading.,Sample text from The Great Controversy pages 577-580.,"- Reading covers Acts of the Apostles pages 465-468
- Key theme: Faith and obedience
- Application: Reflect on God's guidance"
2,7,31,Acts 5:19,Acts of the Apostles pp. 469-472,469,472,The Great Controversy pp. 282-284,282,284,731,Sample text from Acts of the Apostles pages 469-472. This is placeholder content for the daily reading.,Sample text from The Great Controversy pages 282-284.,"- Reading covers Acts of the Apostles pages 469-472
- Key theme: Faith and obedience
- Application: Reflect on God's guidance"
2,8,1,Acts 2:10,Acts of the Apostles pp. 473-478,473,478,The Great Controversy pp. 89-92,89,92,801,Sample text from Acts of the Apostles pages 473-478. This is placeholder content for the daily reading.,Sample text from The Great Controversy pages 89-92.,"- Reading covers Acts of the Apostles pages 473-478
- Key theme: Faith and obedience
- Application: Reflect on God's guidance"
2,8,2,Acts 14:5,Acts of the Apostles pp. 479-482,479,482,The Great Controversy pp. 104-106,104,106,802,Sample text from Acts of the Apostles pages 479-482. This is placeholder content for the daily reading.,Sample text from The Great Controversy pages 104-106.,"- Reading covers Acts of the Apostles pages 479-482
- Key theme: Faith and obedience
- Application: Reflect on God's guidance"
2,8,3,Acts 15:13,Acts of the Apostles pp. 483-488,483,488,The Great Controversy pp. 682-684,682,684,803,Sample text from Acts of the Apostles pages 483-488. This is placeholder content for the daily reading.,Sample text from The Great Controversy pages 682-684.,"- Reading covers Acts of the Apostles pages 483-488
- Key theme: Faith and obedience
- Application: Reflect on God's guidance"
2,8,4,Acts 19:3,Acts of the Apostles pp. 489-494,489,494,The Great Controversy pp. 430-432,430,432,804,Sample text from Acts of the Apostles pages 489-494. This is placeholder content for the daily reading.,Sample text from The Great Controversy pages 430-432.,"- Reading covers Acts of the Apostles pages 489-494
- Key theme: Faith and obedience
- Application: Reflect on God's guidance"
2,8,5,Acts 6:10,Acts of the Apostles pp. 495-498,495,498,The Great Controversy pp. 342-344,342,344,805,Sample text from Acts of the Apostles pages 495-498. This is placeholder content for the daily reading.,Sample text from The Great Controversy pages 342-344.,"- Reading covers Acts of the Apostles pages 495-498
- Key theme: Faith and obedience
- Application: Reflect on God's guidance"
2,8,6,Acts 5:14,Acts of the Apostles pp. 499-503,499,503,The Great Controversy pp. 129-132,129,132,806,Sample text from Acts of the Apostles pages 499-503. This is placeholder content for the daily reading.,Sample text from The Great Controversy pages 129-132.,"- Reading covers Acts of the Apostles pages 499-503
- Key theme: Faith and obedience
- Application: Reflect on God's guidance"
2,8,7,Acts 24:7,Acts of the Apostles pp. 504-509,504,509,The Great Controversy pp. 317-319,317,319,807,Sample text from Acts of the Apostles pages 504-509. This is placeholder content for the daily reading.,Sample text from The Great Controversy pages 317-319.,"- Reading covers Acts of the Apostles pages 504-509
- Key theme: Faith and obedience
- Application: Reflect on God's guidance"
2,8,8,Acts 9:4,Acts of the Apostles pp. 510-515,510,515,The Great Controversy pp. 312-314,312,314,808,Sample text from Acts of the Apostles pages 510-515. This is placeholder content for the daily reading.,Sample text from The Great Controversy pages 312-314.,"- Reading covers Acts of the Apostles pages 510-515
- Key theme: Faith and obedience
- Application: Reflect on God's guidance"
2,8,9,Acts 3:14,Acts of the Apostles pp. 516-519,516,519,The Great Controversy pp. 202-205,202,205,809,Sample text from Acts of the Apostles pages 516-519. This is placeholder content for the daily reading.,Sample text from The Great Controversy pages 202-205.,"- Reading covers Acts of the Apostles pages 516-519
- Key theme: Faith and obedience
- Application: Reflect on God's guidance"
2,8,10,Acts 5:7,Acts of the Apostles pp. 520-524,520,524,The Great Controversy pp. 464-467,464,467,810,Sample text from Acts of the Apostles pages 520-524. This is placeholder content for the daily reading.,Sample text from The Great Controversy pages 464-467.,"- Reading covers Acts of the Apostles pages 520-524
- Key theme: Faith and obedience
- Application: Reflect on God's guidance"
2,8,11,Acts 2:7,Acts of the Apostles pp. 525-529,525,529,The Great Controversy pp. 189-191,189,191,811,Sample text from Acts of the Apostles pages 525-529. This is placeholder content for the daily reading.,Sample text from The Great Controversy pages 189-191.,"- Reading covers Acts of the Apostles pages 525-529
- Key theme: Faith and obedience
- Application: Reflect on God's guidance"
2,8,12,Acts 16:1,Acts of the Apostles pp. 530-534,530,534,The Great Controversy pp. 634-636,634,636,812,Sample text from Acts of the Apostles pages 530-534. This is placeholder content for the daily reading.,Sample text from The Great Controversy pages 634-636.,"- Reading covers Acts of the Apostles pages 530-534
- Key theme: Faith and obedience
- Application: Reflect on God's guidance"
2,8,13,Acts 22:1,Acts of the Apostles pp. 535-538,535,538,The Great Controversy pp. 203-206,203,206,813,Sample text from Acts of the Apostles pages 535-538. This is placeholder content for the daily reading.,Sample text from The Great Controversy pages 203-206.,"- Reading covers Acts of the Apostles pages 535-538
- Key theme: Faith and obedience
- Application: Reflect on God's guidance"
2,8,14,Acts 5:5,Acts of the Apostles pp. 539-542,539,542,The Great Controversy pp. 557-559,557,559,814,Sample text from Acts of the Apostles pages 539-542. This is placeholder content for the daily reading.,Sample text from The Great Controversy pages 557-559.,"- Reading covers Acts of the Apostles pages 539-542
- Key theme: Faith and obedience
- Application: Reflect on God's guidance"
2,8,15,Acts 13:13,Acts of the Apostles pp. 543-547,543,547,The Great Controversy pp. 193-195,193,195,815,Sample text from Acts of the Apostles pages 543-547. This is placeholder content for the daily reading.,Sample text from The Great Controversy pages 193-195.,"- Reading covers Acts of the Apostles pages 543-547
- Key theme: Faith and obedience
- Application: Reflect on God's guidance"
2,8,16,Acts 14:5,Acts of the Apostles pp. 548-551,548,551,The Great Controversy pp. 559-562,559,562,816,Sample text from Acts of the Apostles pages 548-551. This is placeholder content for the daily reading.,Sample text from The Great Controversy pages 559-562.,"- Reading covers Acts of the Apostles pages 548-551
- Key theme: Faith and obedience
- Application: Reflect on God's guidance"
2,8,17,Acts 22:2,Acts of the Apostles pp. 552-556,552,556,The Great Controversy pp. 141-143,141,143,817,Sample text from Acts of the Apostles pages 552-556. This is placeholder content for the daily reading.,Sample text from The Great Controversy pages 141-143.,"- Reading covers Acts of the Apostles pages 552-556
- Key theme: Faith and obedience
- Application: Reflect on God's guidance"
2,8,18,Acts 15:2,Acts of the Apostles pp. 557-561,557,561,The Great Controversy pp. 243-246,243,246,818,Sample text from Acts of the Apostles pages 557-561. This is placeholder content for the daily reading.,Sample text from The Great Controversy pages 243-246.,"- Reading covers Acts of the Apostles pages 557-561
- Key theme: Faith and obedience
- Application: Reflect on God's guidance"
2,8,19,Acts 8:6,Acts of the Apostles pp. 562-565,562,565,The Great Controversy pp. 95-97,95,97,819,Sample text from Acts of the Apostles pages 562-565. This is placeholder content for the daily reading.,Sample text from The Great Controversy pages 95-97.,"- Reading covers Acts of the Apostles pages 562-565
- Key theme: Faith and obedience
- Application: Reflect on God's guidance"
2,8,20,Acts 2:8,Acts of the Apostles pp. 566-569,566,569,The Great Controversy pp. 356-359,356,359,820,Sample text from Acts of the Apostles pages 566-569. This is placeholder content for the daily reading.,Sample text from The Great Controversy pages 356-359.,"- Reading covers Acts of the Apostles pages 566-569
- Key theme: Faith and obedience
- Application: Reflect on God's guidance"
2,8,21,Acts 26:11,Acts of the Apostles pp. 570-574,570,574,The Great Controversy pp. 274-276,274,276,821,Sample text from Acts of the Apostles pages 570-574. This is placeholder content for the daily reading.,Sample text from The Great Controversy pages 274-276.,"- Reading covers Acts of the Apostles pages 570-574
- Key theme: Faith and obedience
- Application: Reflect on God's guidance"
2,8,22,Acts 11:2,Acts of the Apostles pp. 575-580,575,580,The Great Controversy pp. 161-164,161,164,822,Sample text from Acts of the Apostles pages 575-580. This is placeholder content for the daily reading.,Sample text from The Great Controversy pages 161-164.,"- Reading covers Acts of the Apostles pages 575-580
- Key theme: Faith and obedience
- Application: Reflect on God's guidance"
2,8,23,Acts 10:5,Acts of the Apostles pp. 581-584,581,584,The Great Controversy pp. 233-236,233,236,823,Sample text from Acts of the Apostles pages 581-584. This is placeholder content for the daily reading.,Sample text from The Great Controversy pages 233-236.,"- Reading covers Acts of the Apostles pages 581-584
- Key theme: Faith and obedience
- Application: Reflect on God's guidance"
2,8,24,Acts 20:16,Acts of the Apostles pp. 585-588,585,588,The Great Controversy pp. 567-569,567,569,824,Sample text from Acts of the Apostles pages 585-588. This is placeholder content for the daily reading.,Sample text from The Great Controversy pages 567-569.,"- Reading covers Acts of the Apostles pages 585-588
- Key theme: Faith and obedience
- Application: Reflect on God's guidance"
2,8,25,Acts 3:17,Acts of the Apostles pp. 589-593,589,593,The Great Controversy pp. 129-132,129,132,825,Sample text from Acts of the Apostles pages 589-593. This is placeholder content for the daily reading.,Sample text from The Great Controversy pages 129-132.,"- Reading covers Acts of the Apostles pages 589-593
- Key theme: Faith and obedience
- Application: Reflect on God's guidance"
2,8,26,Acts 6:11,Acts of the Apostles pp. 594-597,594,597,The Great Controversy pp. 52-55,52,55,826,Sample text from Acts of the Apostles pages 594-597. This is placeholder content for the daily reading.,Sample text from The Great Controversy pages 52-55.,"- Reading covers Acts of the Apostles pages 594-597
- Key theme: Faith and obedience
- Application: Reflect on God's guidance"
2,8,27,Acts 4:14,Acts of the Apostles pp. 598-600,598,600,The Great Controversy pp. 135-137,135,137,827,Sample text from Acts of the Apostles pages 598-600. This is placeholder content for the daily reading.,Sample text from The Great Controversy pages 135-137.,"- Reading covers Acts of the Apostles pages 598-600
- Key theme: Faith and obedience
- Application: Reflect on God's guidance"
2,8,28,Acts 8:13,Acts of the Apostles pp. 1-5,1,5,The Great Controversy pp. 494-497,494,497,828,Sample text from Acts of the Apostles pages 1-5. This is placeholder content for the daily reading.,Sample text from The Great Controversy pages 494-497.,"- Reading covers Acts of the Apostles pages 1-5
- Key theme: Faith and obedience
- Application: Reflect on God's guidance"
2,8,29,Acts 13:17,Acts of the Apostles pp. 6-9,6,9,The Great Controversy pp. 254-257,254,257,829,Sample text from Acts of the Apostles pages 6-9. This is placeholder content for the daily reading.,Sample text from The Great Controversy pages 254-257.,"- Reading covers Acts of the Apostles pages 6-9
- Key theme: Faith and obedience
- Application: Reflect on God's guidance"
2,8,30,Acts 2:19,Acts of the Apostles pp. 10-15,10,15,The Great Controversy pp. 210-213,210,213,830,Sample text from Acts of the Apostles pages 10-15. This is placeholder content for the daily reading.,Sample text from The Great Controversy pages 210-213.,"- Reading covers Acts of the Apostles pages 10-15
- Key theme: Faith and obedience
- Application: Reflect on God's guidance"
2,8,31,Acts 7:12,Acts of the Apostles pp. 16-20,16,20,The Great Controversy pp. 273-275,273,275,831,Sample text from Acts of the Apostles pages 16-20. This is placeholder content for the daily reading.,Sample text from The Great Controversy pages 273-275.,"- Reading covers Acts of the Apostles pages 16-20
- Key theme: Faith and obedience
- Application: Reflect on God's guidance"
2,9,1,Acts 3:8,Acts of the Apostles pp. 21-25,21,25,The Great Controversy pp. 316-318,316,318,901,Sample text from Acts of the Apostles pages 21-25. This is placeholder content for the daily reading.,Sample text from The Great Controversy pages 316-318.,"- Reading covers Acts of the Apostles pages 21-25
- Key theme: Faith and obedience
- Application: Reflect on God's guidance"
2,9,2,Acts 23:19,Acts of the Apostles pp. 26-31,26,31,The Great Controversy pp. 353-356,353,356,902,Sample text from Acts of the Apostles pages 26-31. This is placeholder content for the daily reading.,Sample text from The Great Controversy pages 353-356.,"- Reading covers Acts of the Apostles pages 26-31
- Key theme: Faith and obedience
- Application: Reflect on God's guidance"
2,9,3,Acts 17:1,Acts of the Apostles pp. 32-37,32,37,The Great Controversy pp. 161-163,161,163,903,Sample text from Acts of the Apostles pages 32-37. This is placeholder content for the daily reading.,Sample text from The Great Controversy pages 161-163.,"- Reading covers Acts of the Apostles pages 32-37
- Key theme: Faith and obedience
- Application: Reflect on God's guidance"
2,9,4,Acts 2:3,Acts of the Apostles pp. 38-41,38,41,The Great Controversy pp. 165-168,165,168,904,Sample text from Acts of the Apostles pages 38-41. This is placeholder content for the daily reading.,Sample text from The Great Controversy pages 165-168.,"- Reading covers Acts of the Apostles pages 38-41
- Key theme: Faith and obedience
- Application: Reflect on God's guidance"
2,9,5,Acts 6:10,Acts of the Apostles pp. 42-45,42,45,The Great Controversy pp. 435-438,435,438,905,Sample text from Acts of the Apostles pages 42-45. This is placeholder content for the daily reading.,Sample text from The Great Controversy pages 435-438.,"- Reading covers Acts of the Apostles pages 42-45
- Key theme: Faith and obedience
- Application: Reflect on God's guidance"
2,9,6,Acts 7:5,Acts of the Apostles pp. 46-49,46,49,The Great Controversy pp. 137-139,137,139,906,Sample text from Acts of the Apostles pages 46-49. This is placeholder content for the daily reading.,Sample text from The Great Controversy pages 137-139.,"- Reading covers Acts of the Apostles pages 46-49
- Key theme: Faith and obedience
- Application: Reflect on God's guidance"
2,9,7,Acts 15:7,Acts of the Apostles pp. 50-55,50,55,The Great Controversy pp. 92-95,92,95,907,Sample text from Acts of the Apostles pages 50-55. This is placeholder content for the daily reading.,Sample text from The Great Controversy pages 92-95.,"- Reading covers Acts of the Apostles pages 50-55
- Key theme: Faith and obedience
- Application: Reflect on God's guidance"
2,9,8,Acts 25:5,Acts of the Apostles pp. 56-60,56,60,The Great Controversy pp. 285-288,285,288,908,Sample text from Acts of the Apostles pages 56-60. This is placeholder content for the daily reading.,Sample text from The Great Controversy pages 285-288.,"- Reading covers Acts of the Apostles pages 56-60
- Key theme: Faith and obedience
- Application: Reflect on God's guidance"
2,9,9,Acts 13:7,Acts of the Apostles pp. 61-65,61,65,The Great Controversy pp. 306-309,306,309,909,Sample text from Acts of the Apostles pages 61-65. This is placeholder content for the daily reading.,Sample text from The Great Controversy pages 306-309.,"- Reading covers Acts of the Apostles pages 61-65
- Key theme: Faith and obedience
- Application: Reflect on God's guidance"
2,9,10,Acts 2:14,Acts of the Apostles pp. 66-70,66,70,The Great Controversy pp. 695-698,695,698,910,Sample text from Acts of the Apostles pages 66-70. This is placeholder content for the daily reading.,Sample text from The Great Controversy pages 695-698.,"- Reading covers Acts of the Apostles pages 66-70
- Key theme: Faith and obedience
- Application: Reflect on God's guidance"
2,9,11,Acts 3:7,Acts of the Apostles pp. 71-75,71,75,The Great Controversy pp. 393-396,393,396,911,Sample text from Acts of the Apostles pages 71-75. This is placeholder content for the daily reading.,Sample text from The Great Controversy pages 393-396.,"- Reading covers Acts of the Apostles pages 71-75
- Key theme: Faith and obedience
- Application: Reflect on God's guidance"
2,9,12,Acts 16:15,Acts of the Apostles pp. 76-79,76,79,The Great Controversy pp. 352-354,352,354,912,Sample text from Acts of the Apostles pages 76-79. This is placeholder content for the daily reading.,Sample text from The Great Controversy pages 352-354.,"- Reading covers Acts of the Apostles pages 76-79
- Key theme: Faith and obedience
- Application: Reflect on God's guidance"
2,9,13,Acts 17:16,Acts of the Apostles pp. 80-84,80,84,The Great Controversy pp. 258-260,258,260,913,Sample text from Acts of the Apostles pages 80-84. This is placeholder content for the daily reading.,Sample text from The Great Controversy pages 258-260.,"- Reading covers Acts of the Apostles pages 80-84
- Key theme: Faith and obedience
- Application: Reflect on God's guidance"
2,9,14,Acts 9:18,Acts of the Apostles pp. 85-89,85,89,The Great Controversy pp. 366-369,366,369,914,Sample text from Acts of the Apostles pages 85-89. This is placeholder content for the daily reading.,Sample text from The Great Controversy pages 366-369.,"- Reading covers Acts of the Apostles pages 85-89
- Key theme: Faith and obedience
- Application: Reflect on God's guidance"
2,9,15,Acts 23:14,Acts of the Apostles pp. 90-93,90,93,The Great Controversy pp. 264-266,264,266,915,Sample text from Acts of the Apostles pages 90-93. This is placeholder content for the daily reading.,Sample text from The Great Controversy pages 264-266.,"- Reading covers Acts of the Apostles pages 90-93
- Key theme: Faith and obedience
- Application: Reflect on God's guidance"
2,9,16,Acts 23:2,Acts of the Apostles pp. 94-98,94,98,The Great Controversy pp. 696-699,696,699,916,Sample text from Acts of the Apostles pages 94-98. This is placeholder content for the daily reading.,Sample text from The Great Controversy pages 696-699.,"- Reading covers Acts of the Apostles pages 94-98
- Key theme: Faith and obedience
- Application: Reflect on God's guidance"
2,9,17,Acts 14:5,Acts of the Apostles pp. 99-102,99,102,The Great Controversy pp. 264-267,264,267,917,Sample text from Acts of the Apostles pages 99-102. This is placeholder content for the daily reading.,Sample text from The Great Controversy pages 264-267.,"- Reading covers Acts of the Apostles pages 99-102
- Key theme: Faith and obedience
- Application: Reflect on God's guidance"
2,9,18,Acts 5:15,Acts of the Apostles pp. 103-108,103,108,The Great Controversy pp. 105-108,105,108,918,Sample text from Acts of the Apostles pages 103-108. This is placeholder content for the daily reading.,Sample text from The Great Controversy pages 105-108.,"- Reading covers Acts of the Apostles pages 103-108
- Key theme: Faith and obedience
- Application: Reflect on God's guidance"
2,9,19,Acts 4:14,Acts of the Apostles pp. 109-114,109,114,The Great Controversy pp. 165-167,165,167,919,Sample text from Acts of the Apostles pages 109-114. This is placeholder content for the daily reading.,Sample text from The Great Controversy pages 165-167.,"- Reading covers Acts of the Apostles pages 109-114
- Key theme: Faith and obedience
- Application: Reflect on God's guidance"
2,9,20,Acts 18:19,Acts of the Apostles pp. 115-120,115,120,The Great Controversy pp. 239-241,239,241,920,Sample text from Acts of the Apostles pages 115-120. This is placeholder content for the daily reading.,Sample text from The Great Controversy pages 239-241.,"- Reading covers Acts of the Apostles pages 115-120
- Key theme: Faith and obedience
- Application: Reflect on God's guidance"
2,9,21,Acts 4:4,Acts of the Apostles pp. 121-124,121,124,The Great Controversy pp. 97-100,97,100,921,Sample text from Acts of the Apostles pages 121-124. This is placeholder content for the daily reading.,Sample text from The Great Controversy pages 97-100.,"- Reading covers Acts of the Apostles pages 121-124
- Key theme: Faith and obedience
- Application: Reflect on God's guidance"
2,9,22,Acts 10:19,Acts of the Apostles pp. 125-130,125,130,The Great Controversy pp. 130-132,130,132,922,Sample text from Acts of the Apostles pages 125-130. This is placeholder content for the daily reading.,Sample text from The Great Controversy pages 130-132.,"- Reading covers Acts of the Apostles pages 125-130
- Key theme: Faith and obedience
- Application: Reflect on God's guidance"
2,9,23,Acts 14:15,Acts of the Apostles pp. 131-135,131,135,The Great Controversy pp. 640-642,640,642,923,Sample text from Acts of the Apostles pages 131-135. This is placeholder content for the daily reading.,Sample text from The Great Controversy pages 640-642.,"- Reading covers Acts of the Apostles pages 131-135
- Key theme: Faith and obedience
- Application: Reflect on God's guidance"
2,9,24,Acts 10:9,Acts of the Apostles pp. 136-141,136,141,The Great Controversy pp. 536-538,536,538,924,Sample text from Acts of the Apostles pages 136-141. This is placeholder content for the daily reading.,Sample text from The Great Controversy pages 536-538.,"- Reading covers Acts of the Apostles pages 136-141
- Key theme: Faith and obedience
- Application: Reflect on God's guidance"
2,9,25,Acts 15:15,Acts of the Apostles pp. 142-145,142,145,The Great Controversy pp. 2-5,2,5,925,Sample text from Acts of the Apostles pages 142-145. This is placeholder content for the daily reading.,Sample text from The Great Controversy pages 2-5.,"- Reading covers Acts of the Apostles pages 142-145
- Key theme: Faith and obedience
- Application: Reflect on God's guidance"
2,9,26,Acts 4:10,Acts of the Apostles pp. 146-149,146,149,The Great Controversy pp. 1-4,1,4,926,Sample text from Acts of the Apostles pages 146-149. This is placeholder content for the daily reading.,Sample text from The Great Controversy pages 1-4.,"- Reading covers Acts of the Apostles pages 146-149
- Key theme: Faith and obedience
- Application: Reflect on God's guidance"
2,9,27,Acts 23:14,Acts of the Apostles pp. 150-155,150,155,The Great Controversy pp. 548-551,548,551,927,Sample text from Acts of the Apostles pages 150-155. This is placeholder content for the daily reading.,Sample text from The Great Controversy pages 548-551.,"- Reading covers Acts of the Apostles pages 150-155
- Key theme: Faith and obedience
- Application: Reflect on God's guidance"
2,9,28,Acts 9:2,Acts of the Apostles pp. 156-161,156,161,The Great Controversy pp. 509-512,509,512,928,Sample text from Acts of the Apostles pages 156-161. This is placeholder content for the daily reading.,Sample text from The Great Controversy pages 509-512.,"- Reading covers Acts of the Apostles pages 156-161
- Key theme: Faith and obedience
- Application: Reflect on God's guidance"
2,9,29,Acts 5:11,Acts of the Apostles pp. 162-166,162,166,The Great Controversy pp. 545-547,545,547,929,Sample text from Acts of the Apostles pages 162-166. This is placeholder content for the daily reading.,Sample text from The Great Controversy pages 545-547.,"- Reading covers Acts of the Apostles pages 162-166
- Key theme: Faith and obedience
- Application: Reflect on God's guidance"
2,9,30,Acts 11:16,Acts of the Apostles pp. 167-171,167,171,The Great Controversy pp. 110-112,110,112,930,Sample text from Acts of the Apostles pages 167-171. This is placeholder content for the daily reading.,Sample text from The Great Controversy pages 110-112.,"- Reading covers Acts of the Apostles pages 167-171
- Key theme: Faith and obedience
- Application: Reflect on God's guidance"
2,10,1,Acts 7:5,Acts of the Apostles pp. 172-176,172,176,The Great Controversy pp. 690-693,690,693,1001,Sample text from Acts of the Apostles pages 172-176. This is placeholder content for the daily reading.,Sample text from The Great Controversy pages 690-693.,"- Reading covers Acts of the Apostles pages 172-176
- Key theme: Faith and obedience
- Application: Reflect on God's guidance"
2,10,2,Acts 11:4,Acts of the Apostles pp. 177-181,177,181,The Great Controversy pp. 110-113,110,113,1002,Sample text from Acts of the Apostles pages 177-181. This is placeholder content for the daily reading.,Sample text from The Great Controversy pages 110-113.,"- Reading covers Acts of the Apostles pages 177-181
- Key theme: Faith and obedience
- Application: Reflect on God's guidance"
2,10,3,Acts 24:19,Acts of the Apostles pp. 182-186,182,186,The Great Controversy pp. 461-463,461,463,1003,Sample text from Acts of the Apostles pages 182-186. This is placeholder content for the daily reading.,Sample text from The Great Controversy pages 461-463.,"- Reading covers Acts of the Apostles pages 182-186
- Key theme: Faith and obedience
- Application: Reflect on God's guidance"
2,10,4,Acts 22:19,Acts of the Apostles pp. 187-191,187,191,The Great Controversy pp. 268-270,268,270,1004,Sample text from Acts of the Apostles pages 187-191. This is placeholder content for the daily reading.,Sample text from The Great Controversy pages 268-270.,"- Reading covers Acts of the Apostles pages 187-191
- Key theme: Faith and obedience
- Application: Reflect on God's guidance"
2,10,5,Acts 8:14,Acts of the Apostles pp. 192-196,192,196,The Great Controversy pp. 594-597,594,597,1005,Sample text from Acts of the Apostles pages 192-196. This is placeholder content for the daily reading.,Sample text from The Great Controversy pages 594-597.,"- Reading covers Acts of the Apostles pages 192-196
- Key theme: Faith and obedience
- Application: Reflect on God's guidance"
2,10,6,Acts 27:19,Acts of the Apostles pp. 197-200,197,200,The Great Controversy pp. 574-577,574,577,1006,Sample text from Acts of the Apostles pages 197-200. This is placeholder content for the daily reading.,Sample text from The Great Controversy pages 574-577.,"- Reading covers Acts of the Apostles pages 197-200
- Key theme: Faith and obedience
- Application: Reflect on God's guidance"
2,10,7,Acts 10:7,Acts of the Apostles pp. 201-205,201,205,The Great Controversy pp. 418-420,418,420,1007,Sample text from Acts of the Apostles pages 201-205. This is placeholder content for the daily reading.,Sample text from The Great Controversy pages 418-420.,"- Reading covers Acts of the Apostles pages 201-205
- Key theme: Faith and obedience
- Application: Reflect on God's guidance"
2,10,8,Acts 17:15,Acts of the Apostles pp. 206-211,206,211,The Great Controversy pp. 575-577,575,577,1008,Sample text from Acts of the Apostles pages 206-211. This is placeholder content for the daily reading.,Sample text from The Great Controversy pages 575-577.,"- Reading covers Acts of the Apostles pages 206-211
- Key theme: Faith and obedience
- Application: Reflect on God's guidance"
2,10,9,Acts 3:18,Acts of the Apostles pp. 212-216,212,216,The Great Controversy pp. 71-73,71,73,1009,Sample text from Acts of the Apostles pages 212-216. This is placeholder content for the daily reading.,Sample text from The Great Controversy pages 71-73.,"- Reading covers Acts of the Apostles pages 212-216
- Key theme: Faith and obedience
- Application: Reflect on God's guidance"
2,10,10,Acts 6:18,Acts of the Apostles pp. 217-221,217,221,The Great Controversy pp. 251-254,251,254,1010,Sample text from Acts of the Apostles pages 217-221. This is placeholder content for the daily reading.,Sample text from The Great Controversy pages 251-254.,"- Reading covers Acts of the Apostles pages 217-221
- Key theme: Faith and obedience
- Application: Reflect on God's guidance"
2,10,11,Acts 12:8,Acts of the Apostles pp. 222-226,222,226,The Great Controversy pp. 20-23,20,23,1011,Sample text from Acts of the Apostles pages 222-226. This is placeholder content for the daily reading.,Sample text from The Great Controversy pages 20-23.,"- Reading covers Acts of the Apostles pages 222-226
- Key theme: Faith and obedience
- Application: Reflect on God's guidance"
2,10,12,Acts 15:8,Acts of the Apostles pp. 227-230,227,230,The Great Controversy pp. 4-7,4,7,1012,Sample text from Acts of the Apostles pages 227-230. This is placeholder content for the daily reading.,Sample text from The Great Controversy pages 4-7.,"- Reading covers Acts of the Apostles pages 227-230
- Key theme: Faith and obedience
- Application: Reflect on God's guidance"
2,10,13,Acts 12:8,Acts of the Apostles pp. 231-235,231,235,The Great Controversy pp. 381-384,381,384,1013,Sample text from Acts of the Apostles pages 231-235. This is placeholder content for the daily reading.,Sample text from The Great Controversy pages 381-384.,"- Reading covers Acts of the Apostles pages 231-235
- Key theme: Faith and obedience
- Application: Reflect on God's guidance"
2,10,14,Acts 15:8,Acts of the Apostles pp. 236-239,236,239,The Great Controversy pp. 433-436,433,436,1014,Sample text from Acts of the Apostles pages 236-239. This is placeholder content for the daily reading.,Sample text from The Great Controversy pages 433-436.,"- Reading covers Acts of the Apostles pages 236-239
- Key theme: Faith and obedience
- Application: Reflect on God's guidance"
2,10,15,Acts 2:3,Acts of the Apostles pp. 240-245,240,245,The Great Controversy pp. 249-252,249,252,1015,Sample text from Acts of the Apostles pages 240-245. This is placeholder content for the daily reading.,Sample text from The Great Controversy pages 249-252.,"- Reading covers Acts of the Apostles pages 240-245
- Key theme: Faith and obedience
- Application: Reflect on God's guidance"
2,10,16,Acts 9:12,Acts of the Apostles pp. 246-250,246,250,The Great Controversy pp. 339-341,339,341,1016,Sample text from Acts of the Apostles pages 246-250. This is placeholder content for the daily reading.,Sample text from The Great Controversy pages 339-341.,"- Reading covers Acts of the Apostles pages 246-250
- Key theme: Faith and obedience
- Application: Reflect on God's guidance"
2,10,17,Acts 2:12,Acts of the Apostles pp. 251-256,251,256,The Great Controversy pp. 90-92,90,92,1017,Sample text from Acts of the Apostles pages 251-256. This is placeholder content for the daily reading.,Sample text from The Great Controversy pages 90-92.,"- Reading covers Acts of the Apostles pages 251-256
- Key theme: Faith and obedience
- Application: Reflect on God's guidance"
2,10,18,Acts 26:6,Acts of the Apostles pp. 257-260,257,260,The Great Controversy pp. 603-606,603,606,1018,Sample text from Acts of the Apostles pages 257-260. This is placeholder content for the daily reading.,Sample text from The Great Controversy pages 603-606.,"- Reading covers Acts of the Apostles pages 257-260
- Key theme: Faith and obedience
- Application: Reflect on God's guidance"
2,10,19,Acts 7:14,Acts of the Apostles pp. 261-264,261,264,The Great Controversy pp. 650-652,650,652,1019,Sample text from Acts of the Apostles pages 261-264. This is placeholder content for the daily reading.,Sample text from The Great Controversy pages 650-652.,"- Reading covers Acts of the Apostles pages 261-264
- Key theme: Faith and obedience
- Application: Reflect on God's guidance"
2,10,20,Acts 20:8,Acts of the Apostles pp. 265-268,265,268,The Great Controversy pp. 76-78,76,78,1020,Sample text from Acts of the Apostles pages 265-268. This is placeholder content for the daily reading.,Sample text from The Great Controversy pages 76-78.,"- Reading covers Acts of the Apostles pages 265-268
- Key theme: Faith and obedience
- Application: Reflect on God's guidance"
2,10,21,Acts 23:6,Acts of the Apostles pp. 269-274,269,274,The Great Controversy pp. 456-459,456,459,1021,Sample text from Acts of the Apostles pages 269-274. This is placeholder content for the daily reading.,Sample text from The Great Controversy pages 456-459.,"- Reading covers Acts of the Apostles pages 269-274
- Key theme: Faith and obedience
- Application: Reflect on God's guidance"
2,10,22,Acts 8:2,Acts of the Apostles pp. 275-279,275,279,The Great Controversy pp. 322-324,322,324,1022,Sample text from Acts of the Apostles pages 275-279. This is placeholder content for the daily reading.,Sample text from The Great Controversy pages 322-324.,"- Reading covers Acts of the Apostles pages 275-279
- Key theme: Faith and obedience
- Application: Reflect on God's guidance"
2,10,23,Acts 26:18,Acts of the Apostles pp. 280-285,280,285,The Great Controversy pp. 366-368,366,368,1023,Sample text from Acts of the Apostles pages 280-285. This is placeholder content for the daily reading.,Sample text from The Great Controversy pages 366-368.,"- Reading covers Acts of the Apostles pages 280-285
- Key theme: Faith and obedience
- Application: Reflect on God's guidance"
2,10,24,Acts 22:5,Acts of the Apostles pp. 286-290,286,290,The Great Controversy pp. 364-367,364,367,1024,Sample text from Acts of the Apostles pages 286-290. This is placeholder content for the daily reading.,Sample text from The Great Controversy pages 364-367.,"- Reading covers Acts of the Apostles pages 286-290
- Key theme: Faith and obedience
- Application: Reflect on God's guidance"
2,10,25,Acts 7:10,Acts of the Apostles pp. 291-294,291,294,The Great Controversy pp. 562-565,562,565,1025,Sample text from Acts of the Apostles pages 291-294. This is placeholder content for the daily reading.,Sample text from The Great Controversy pages 562-565.,"- Reading covers Acts of the Apostles pages 291-294
- Key theme: Faith and obedience
- Application: Reflect on God's guidance"
2,10,26,Acts 9:5,Acts of the Apostles pp. 295-299,295,299,The Great Controversy pp. 603-605,603,605,1026,Sample text from Acts of the Apostles pages 295-299. This is placeholder content for the daily reading.,Sample text from The Great Controversy pages 603-605.,"- Reading covers Acts of the Apostles pages 295-299
- Key theme: Faith and obedience
- Application: Reflect on God's guidance"
2,10,27,Acts 25:10,Acts of the Apostles pp. 300-305,300,305,The Great Controversy pp. 231-234,231,234,1027,Sample text from Acts of the Apostles pages 300-305. This is placeholder content for the daily reading.,Sample text from The Great Controversy pages 231-234.,"- Reading covers Acts of the Apostles pages 300-305
- Key theme: Faith and obedience
- Application: Reflect on God's guidance"
2,10,28,Acts 21:19,Acts of the Apostles pp. 306-309,306,309,The Great Controversy pp. 211-213,211,213,1028,Sample text from Acts of the Apostles pages 306-309. This is placeholder content for the daily reading.,Sample text from The Great Controversy pages 211-213.,"- Reading covers Acts of the Apostles pages 306-309
- Key theme: Faith and obedience
- Application: Reflect on God's guidance"
2,10,29,Acts 24:17,Acts of the Apostles pp. 310-315,310,315,The Great Controversy pp. 479-482,479,482,1029,Sample text from Acts of the Apostles pages 310-315. This is placeholder content for the daily reading.,Sample text from The Great Controversy pages 479-482.,"- Reading covers Acts of the Apostles pages 310-315
- Key theme: Faith and obedience
- Application: Reflect on God's guidance"
2,10,30,Acts 10:5,Acts of the Apostles pp. 316-319,316,319,The Great Controversy pp. 631-633,631,633,1030,Sample text from Acts of the Apostles pages 316-319. This is placeholder content for the daily reading.,Sample text from The Great Controversy pages 631-633.,"- Reading covers Acts of the Apostles pages 316-319
- Key theme: Faith and obedience
- Application: Reflect on God's guidance"
2,10,31,Acts 13:17,Acts of the Apostles pp. 320-324,320,324,The Great Controversy pp. 230-233,230,233,1031,Sample text from Acts of the Apostles pages 320-324. This is placeholder content for the daily reading.,Sample text from The Great Controversy pages 230-233.,"- Reading covers Acts of the Apostles pages 320-324
- Key theme: Faith and obedience
- Application: Reflect on God's guidance"
2,11,1,Acts 9:10,Acts of the Apostles pp. 325-330,325,330,The Great Controversy pp. 84-86,84,86,1101,Sample text from Acts of the Apostles pages 325-330. This is placeholder content for the daily reading.,Sample text from The Great Controversy pages 84-86.,"- Reading covers Acts of the Apostles pages 325-330
- Key theme: Faith and obedience
- Application: Reflect on God's guidance"
2,11,2,Acts 2:4,Acts of the Apostles pp. 331-334,331,334,The Great Controversy pp. 25-27,25,27,1102,Sample text from Acts of the Apostles pages 331-334. This is placeholder content for the daily reading.,Sample text from The Great Controversy pages 25-27.,"- Reading covers Acts of the Apostles pages 331-334
- Key theme: Faith and obedience
- Application: Reflect on God's guidance"
2,11,3,Acts 13:11,Acts of the Apostles pp. 335-340,335,340,The Great Controversy pp. 1-4,1,4,1103,Sample text from Acts of the Apostles pages 335-340. This is placeholder content for the daily reading.,Sample text from The Great Controversy pages 1-4.,"- Reading covers Acts of the Apostles pages 335-340
- Key theme: Faith and obedience
- Application: Reflect on God's guidance"
2,11,4,Acts 23:19,Acts of the Apostles pp. 341-346,341,346,The Great Controversy pp. 30-33,30,33,1104,Sample text from Acts of the Apostles pages 341-346. This is placeholder content for the daily reading.,Sample text from The Great Controversy pages 30-33.,"- Reading covers Acts of the Apostles pages 341-346
- Key theme: Faith and obedience
- Application: Reflect on God's guidance"
2,11,5,Acts 11:16,Acts of the Apostles pp. 347-351,347,351,The Great Controversy pp. 628-630,628,630,1105,Sample text from Acts of the Apostles pages 347-351. This is placeholder content for the daily reading.,Sample text from The Great Controversy pages 628-630.,"- Reading covers Acts of the Apostles pages 347-351
- Key theme: Faith and obedience
- Application: Reflect on God's guidance"
2,11,6,Acts 3:7,Acts of the Apostles pp. 352-355,352,355,The Great Controversy pp. 589-591,589,591,1106,Sample text from Acts of the Apostles pages 352-355. This is placeholder content for the daily reading.,Sample text from The Great Controversy pages 589-591.,"- Reading covers Acts of the Apostles pages 352-355
- Key theme: Faith and obedience
- Application: Reflect on God's guidance"
2,11,7,Acts 1:4,Acts of the Apostles pp. 356-360,356,360,The Great Controversy pp. 323-326,323,326,1107,Sample text from Acts of the Apostles pages 356-360. This is placeholder content for the daily reading.,Sample text from The Great Controversy pages 323-326.,"- Reading covers Acts of the Apostles pages 356-360
- Key theme: Faith and obedience
- Application: Reflect on God's guidance"
2,11,8,Acts 8:16,Acts of the Apostles pp. 361-366,361,366,The Great Controversy pp. 66-68,66,68,1108,Sample text from Acts of the Apostles pages 361-366. This is placeholder content for the daily reading.,Sample text from The Great Controversy pages 66-68.,"- Reading covers Acts of the Apostles pages 361-366
- Key theme: Faith and obedience
- Application: Reflect on God's guidance"
2,11,9,Acts 19:16,Acts of the Apostles pp. 367-372,367,372,The Great Controversy pp. 235-238,235,238,1109,Sample text from Acts of the Apostles pages 367-372. This is placeholder content for the daily reading.,Sample text from The Great Controversy pages 235-238.,"- Reading covers Acts of the Apostles pages 367-372
- Key theme: Faith and obedience
- Application: Reflect on God's guidance"
2,11,10,Acts 22:5,Acts of the Apostles pp. 373-378,373,378,The Great Controversy pp. 645-647,645,647,1110,Sample text from Acts of the Apostles pages 373-378. This is placeholder content for the daily reading.,Sample text from The Great Controversy pages 645-647.,"- Reading covers Acts of the Apostles pages 373-378
- Key theme: Faith and obedience
- Application: Reflect on God's guidance"
2,11,11,Acts 15:16,Acts of the Apostles pp. 379-383,379,383,The Great Controversy pp. 340-342,340,342,1111,Sample text from Acts of the Apostles pages 379-383. This is placeholder content for the daily reading.,Sample text from The Great Controversy pages 340-342.,"- Reading covers Acts of the Apostles pages 379-383
- Key theme: Faith and obedience
- Application: Reflect on God's guidance"
2,11,12,Acts 13:12,Acts of the Apostles pp. 384-388,384,388,The Great Controversy pp. 577-580,577,580,1112,Sample text from Acts of the Apostles pages 384-388. This is placeholder content for the daily reading.,Sample text from The Great Controversy pages 577-580.,"- Reading covers Acts of the Apostles pages 384-388
- Key theme: Faith and obedience
- Application: Reflect on God's guidance"
2,11,13,Acts 20:7,Acts of the Apostles pp. 389-392,389,392,The Great Controversy pp. 660-663,660,663,1113,Sample text from Acts of the Apostles pages 389-392. This is placeholder content for the daily reading.,Sample text from The Great Controversy pages 660-663.,"- Reading covers Acts of the Apostles pages 389-392
- Key theme: Faith and obedience
- Application: Reflect on God's guidance"
2,11,14,Acts 8:2,Acts of the Apostles pp. 393-398,393,398,The Great Controversy pp. 144-146,144,146,1114,Sample text from Acts of the Apostles pages 393-398. This is placeholder content for the daily reading.,Sample text from The Great Controversy pages 144-146.,"- Reading covers Acts of the Apostles pages 393-398
- Key theme: Faith and obedience
- Application: Reflect on God's guidance"
2,11,15,Acts 1:17,Acts of the Apostles pp. 399-403,399,403,The Great Controversy pp. 562-565,562,565,1115,Sample text from Acts of the Apostles pages 399-403. This is placeholder content for the daily reading.,Sample text from The Great Controversy pages 562-565.,"- Reading covers Acts of the Apostles pages 399-403
- Key theme: Faith and obedience
- Application: Reflect on God's guidance"
2,11,16,Acts 16:10,Acts of the Apostles pp. 404-409,404,409,The Great Controversy pp. 690-693,690,693,1116,Sample text from Acts of the Apostles pages 404-409. This is placeholder content for the daily reading.,Sample text from The Great Controversy pages 690-693.,"- Reading covers Acts of the Apostles pages 404-409
- Key theme: Faith and obedience
- Application: Reflect on God's guidance"
2,11,17,Acts 24:8,Acts of the Apostles pp. 410-414,410,414,The Great Controversy pp. 374-377,374,377,1117,Sample text from Acts of the Apostles pages 410-414. This is placeholder content for the daily reading.,Sample text from The Great Controversy pages 374-377.,"- Reading covers Acts of the Apostles pages 410-414
- Key theme: Faith and obedience
- Application: Reflect on God's guidance"
2,11,18,Acts 6:13,Acts of the Apostles pp. 415-420,415,420,The Great Controversy pp. 6-8,6,8,1118,Sample text from Acts of the Apostles pages 415-420. This is placeholder content for the daily reading.,Sample text from The Great Controversy pages 6-8.,"- Reading covers Acts of the Apostles pages 415-420
- Key theme: Faith and obedience
- Application: Reflect on God's guidance"
2,11,19,Acts 19:1,Acts of the Apostles pp. 421-424,421,424,The Great Controversy pp. 111-113,111,113,1119,Sample text from Acts of the Apostles pages 421-424. This is placeholder content for the daily reading.,Sample text from The Great Controversy pages 111-113.,"- Reading covers Acts of the Apostles pages 421-424
- Key theme: Faith and obedience
- Application: Reflect on God's guidance"
2,11,20,Acts 9:17,Acts of the Apostles pp. 425-428,425,428,The Great Controversy pp. 235-238,235,238,1120,Sample text from Acts of the Apostles pages 425-428. This is placeholder content for the daily reading.,Sample text from The Great Controversy pages 235-238.,"- Reading covers Acts of the Apostles pages 425-428
- Key theme: Faith and obedience
- Application: Reflect on God's guidance"
2,11,21,Acts 19:1,Acts of the Apostles pp. 429-433,429,433,The Great Controversy pp. 484-487,484,487,1121,Sample text from Acts of the Apostles pages 429-433. This is placeholder content for the daily reading.,Sample text from The Great Controversy pages 484-487.,"- Reading covers Acts of the Apostles pages 429-433
- Key theme: Faith and obedience
- Application: Reflect on God's guidance"
2,11,22,Acts 19:1,Acts of the Apostles pp. 434-438,434,438,The Great Controversy pp. 371-374,371,374,1122,Sample text from Acts of the Apostles pages 434-438. This is placeholder content for the daily reading.,Sample text from The Great Controversy pages 371-374.,"- Reading covers Acts of the Apostles pages 434-438
- Key theme: Faith and obedience
- Application: Reflect on God's guidance"
2,11,23,Acts 26:12,Acts of the Apostles pp. 439-444,439,444,The Great Controversy pp. 222-224,222,224,1123,Sample text from Acts of the Apostles pages 439-444. This is placeholder content for the daily reading.,Sample text from The Great Controversy pages 222-224.,"- Reading covers Acts of the Apostles pages 439-444
- Key theme: Faith and obedience
- Application: Reflect on God's guidance"
2,11,24,Acts 10:16,Acts of the Apostles pp. 445-448,445,448,The Great Controversy pp. 237-239,237,239,1124,Sample text from Acts of the Apostles pages 445-448. This is placeholder content for the daily reading.,Sample text from The Great Controversy pages 237-239.,"- Reading covers Acts of the Apostles pages 445-448
- Key theme: Faith and obedience
- Application: Reflect on God's guidance"
2,11,25,Acts 17:2,Acts of the Apostles pp. 449-454,449,454,The Great Controversy pp. 524-527,524,527,1125,Sample text from Acts of the Apostles pages 449-454. This is placeholder content for the daily reading.,Sample text from The Great Controversy pages 524-527.,"- Reading covers Acts of the Apostles pages 449-454
- Key theme: Faith and obedience
- Application: Reflect on God's guidance"
2,11,26,Acts 27:14,Acts of the Apostles pp. 455-460,455,460,The Great Controversy pp. 497-500,497,500,1126,Sample text from Acts of the Apostles pages 455-460. This is placeholder content for the daily reading.,Sample text from The Great Controversy pages 497-500.,"- Reading covers Acts of the Apostles pages 455-460
- Key theme: Faith and obedience
- Application: Reflect on God's guidance"
2,11,27,Acts 20:4,Acts of the Apostles pp. 461-465,461,465,The Great Controversy pp. 24-26,24,26,1127,Sample text from Acts of the Apostles pages 461-465. This is placeholder content for the daily reading.,Sample text from The Great Controversy pages 24-26.,"- Reading covers Acts of the Apostles pages 461-465
- Key theme: Faith and obedience
- Application: Reflect on God's guidance"
2,11,28,Acts 24:14,Acts of the Apostles pp. 466-471,466,471,The Great Controversy pp. 470-472,470,472,1128,Sample text from Acts of the Apostles pages 466-471. This is placeholder content for the daily reading.,Sample text from The Great Controversy pages 470-472.,"- Reading covers Acts of the Apostles pages 466-471
- Key theme: Faith and obedience
- Application: Reflect on God's guidance"
2,11,29,Acts 5:3,Acts of the Apostles pp. 472-475,472,475,The Great Controversy pp. 206-209,206,209,1129,Sample text from Acts of the Apostles pages 472-475. This is placeholder content for the daily reading.,Sample text from The Great Controversy pages 206-209.,"- Reading covers Acts of the Apostles pages 472-475
- Key theme: Faith and obedience
- Application: Reflect on God's guidance"
2,11,30,Acts 2:14,Acts of the Apostles pp. 476-479,476,479,The Great Controversy pp. 497-500,497,500,1130,Sample text from Acts of the Apostles pages 476-479. This is placeholder content for the daily reading.,Sample text from The Great Controversy pages 497-500.,"- Reading covers Acts of the Apostles pages 476-479
- Key theme: Faith and obedience
- Application: Reflect on God's guidance"
2,12,1,Acts 14:11,Acts of the Apostles pp. 480-485,480,485,The Great Controversy pp. 110-112,110,112,1201,Sample text from Acts of the Apostles pages 480-485. This is placeholder content for the daily reading.,Sample text from The Great Controversy pages 110-112.,"- Reading covers Acts of the Apostles pages 480-485
- Key theme: Faith and obedience
- Application: Reflect on God's guidance"
2,12,2,Acts 16:5,Acts of the Apostles pp. 486-491,486,491,The Great Controversy pp. 526-528,526,528,1202,Sample text from Acts of the Apostles pages 486-491. This is placeholder content for the daily reading.,Sample text from The Great Controversy pages 526-528.,"- Reading covers Acts of the Apostles pages 486-491
- Key theme: Faith and obedience
- Application: Reflect on God's guidance"
2,12,3,Acts 27:7,Acts of the Apostles pp. 492-496,492,496,The Great Controversy pp. 505-507,505,507,1203,Sample text from Acts of the Apostles pages 492-496. This is placeholder content for the daily reading.,Sample text from The Great Controversy pages 505-507.,"- Reading covers Acts of the Apostles pages 492-496
- Key theme: Faith and obedience
- Application: Reflect on God's guidance"
2,12,4,Acts 22:11,Acts of the Apostles pp. 497-500,497,500,The Great Controversy pp. 216-219,216,219,1204,Sample text from Acts of the Apostles pages 497-500. This is placeholder content for the daily reading.,Sample text from The Great Controversy pages 216-219.,"- Reading covers Acts of the Apostles pages 497-500
- Key theme: Faith and obedience
- Application: Reflect on God's guidance"
2,12,5,Acts 18:3,Acts of the Apostles pp. 501-505,501,505,The Great Controversy pp. 151-153,151,153,1205,Sample text from Acts of the Apostles pages 501-505. This is placeholder content for the daily reading.,Sample text from The Great Controversy pages 151-153.,"- Reading covers Acts of the Apostles pages 501-505
- Key theme: Faith and obedience
- Application: Reflect on God's guidance"
2,12,6,Acts 13:16,Acts of the Apostles pp. 506-510,506,510,The Great Controversy pp. 41-44,41,44,1206,Sample text from Acts of the Apostles pages 506-510. This is placeholder content for the daily reading.,Sample text from The Great Controversy pages 41-44.,"- Reading covers Acts of the Apostles pages 506-510
- Key theme: Faith and obedience
- Application: Reflect on God's guidance"
2,12,7,Acts 8:19,Acts of the Apostles pp. 511-516,511,516,The Great Controversy pp. 617-619,617,619,1207,Sample text from Acts of the Apostles pages 511-516. This is placeholder content for the daily reading.,Sample text from The Great Controversy pages 617-619.,"- Reading covers Acts of the Apostles pages 511-516
- Key theme: Faith and obedience
- Application: Reflect on God's guidance"
2,12,8,Acts 5:1,Acts of the Apostles pp. 517-522,517,522,The Great Controversy pp. 590-592,590,592,1208,Sample text from Acts of the Apostles pages 517-522. This is placeholder content for the daily reading.,Sample text from The Great Controversy pages 590-592.,"- Reading covers Acts of the Apostles pages 517-522
- Key theme: Faith and obedience
- Application: Reflect on God's guidance"
2,12,9,Acts 17:19,Acts of the Apostles pp. 523-526,523,526,The Great Controversy pp. 405-408,405,408,1209,Sample text from Acts of the Apostles pages 523-526. This is placeholder content for the daily reading.,Sample text from The Great Controversy pages 405-408.,"- Reading covers Acts of the Apostles pages 523-526
- Key theme: Faith and obedience
- Application: Reflect on God's guidance"
2,12,10,Acts 23:9,Acts of the Apostles pp. 527-530,527,530,The Great Controversy pp. 699-700,699,700,1210,Sample text from Acts of the Apostles pages 527-530. This is placeholder content for the daily reading.,Sample text from The Great Controversy pages 699-700.,"- Reading covers Acts of the Apostles pages 527-530
- Key theme: Faith and obedience
- Application: Reflect on God's guidance"
2,12,11,Acts 14:8,Acts of the Apostles pp. 531-535,531,535,The Great Controversy pp. 51-53,51,53,1211,Sample text from Acts of the Apostles pages 531-535. This is placeholder content for the daily reading.,Sample text from The Great Controversy pages 51-53.,"- Reading covers Acts of the Apostles pages 531-535
- Key theme: Faith and obedience
- Application: Reflect on God's guidance"
2,12,12,Acts 10:6,Acts of the Apostles pp. 536-539,536,539,The Great Controversy pp. 88-91,88,91,1212,Sample text from Acts of the Apostles pages 536-539. This is placeholder content for the daily reading.,Sample text from The Great Controversy pages 88-91.,"- Reading covers Acts of the Apostles pages 536-539
- Key theme: Faith and obedience
- Application: Reflect on God's guidance"
2,12,13,Acts 21:4,Acts of the Apostles pp. 540-544,540,544,The Great Controversy pp. 101-103,101,103,1213,Sample text from Acts of the Apostles pages 540-544. This is placeholder content for the daily reading.,Sample text from The Great Controversy pages 101-103.,"- Reading covers Acts of the Apostles pages 540-544
- Key theme: Faith and obedience
- Application: Reflect on God's guidance"
2,12,14,Acts 27:9,Acts of the Apostles pp. 545-548,545,548,The Great Controversy pp. 502-504,502,504,1214,Sample text from Acts of the Apostles pages 545-548. This is placeholder content for the daily reading.,Sample text from The Great Controversy pages 502-504.,"- Reading covers Acts of the Apostles pages 545-548
- Key theme: Faith and obedience
- Application: Reflect on God's guidance"
2,12,15,Acts 22:14,Acts of the Apostles pp. 549-554,549,554,The Great Controversy pp. 129-131,129,131,1215,Sample text from Acts of the Apostles pages 549-554. This is placeholder content for the daily reading.,Sample text from The Great Controversy pages 129-131.,"- Reading covers Acts of the Apostles pages 549-554
- Key theme: Faith and obedience
- Application: Reflect on God's guidance"
2,12,16,Acts 19:11,Acts of the Apostles pp. 555-560,555,560,The Great Controversy pp. 411-414,411,414,1216,Sample text from Acts of the Apostles pages 555-560. This is placeholder content for the daily reading.,Sample text from The Great Controversy pages 411-414.,"- Reading covers Acts of the Apostles pages 555-560
- Key theme: Faith and obedience
- Application: Reflect on God's guidance"
2,12,17,Acts 2:16,Acts of the Apostles pp. 561-566,561,566,The Great Controversy pp. 298-300,298,300,1217,Sample text from Acts of the Apostles pages 561-566. This is placeholder content for the daily reading.,Sample text from The Great Controversy pages 298-300.,"- Reading covers Acts of the Apostles pages 561-566
- Key theme: Faith and obedience
- Application: Reflect on God's guidance"
2,12,18,Acts 25:18,Acts of the Apostles pp. 567-570,567,570,The Great Controversy pp. 311-314,311,314,1218,Sample text from Acts of the Apostles pages 567-570. This is placeholder content for the daily reading.,Sample text from The Great Controversy pages 311-314.,"- Reading covers Acts of the Apostles pages 567-570
- Key theme: Faith and obedience
- Application: Reflect on God's guidance"
2,12,19,Acts 24:17,Acts of the Apostles pp. 571-575,571,575,The Great Controversy pp. 177-180,177,180,1219,Sample text from Acts of the Apostles pages 571-575. This is placeholder content for the daily reading.,Sample text from The Great Controversy pages 177-180.,"- Reading covers Acts of the Apostles pages 571-575
- Key theme: Faith and obedience
- Application: Reflect on God's guidance"
2,12,20,Acts 12:16,Acts of the Apostles pp. 576-580,576,580,The Great Controversy pp. 133-135,133,135,1220,Sample text from Acts of the Apostles pages 576-580. This is placeholder content for the daily reading.,Sample text from The Great Controversy pages 133-135.,"- Reading covers Acts of the Apostles pages 576-580
- Key theme: Faith and obedience
- Application: Reflect on God's guidance"
2,12,21,Acts 11:14,Acts of the Apostles pp. 581-584,581,584,The Great Controversy pp. 433-436,433,436,1221,Sample text from Acts of the Apostles pages 581-584. This is placeholder content for the daily reading.,Sample text from The Great Controversy pages 433-436.,"- Reading covers Acts of the Apostles pages 581-584
- Key theme: Faith and obedience
- Application: Reflect on God's guidance"
2,12,22,Acts 21:4,Acts of the Apostles pp. 585-590,585,590,The Great Controversy pp. 465-468,465,468,1222,Sample text from Acts of the Apostles pages 585-590. This is placeholder content for the daily reading.,Sample text from The Great Controversy pages 465-468.,"- Reading covers Acts of the Apostles pages 585-590
- Key theme: Faith and obedience
- Application: Reflect on God's guidance"
2,12,23,Acts 22:14,Acts of the Apostles pp. 591-595,591,595,The Great Controversy pp. 186-189,186,189,1223,Sample text from Acts of the Apostles pages 591-595. This is placeholder content for the daily reading.,Sample text from The Great Controversy pages 186-189.,"- Reading covers Acts of the Apostles pages 591-595
- Key theme: Faith and obedience
- Application: Reflect on God's guidance"
2,12,24,Acts 27:15,Acts of the Apostles pp. 596-600,596,600,The Great Controversy pp. 54-56,54,56,1224,Sample text from Acts of the Apostles pages 596-600. This is placeholder content for the daily reading.,Sample text from The Great Controversy pages 54-56.,"- Reading covers Acts of the Apostles pages 596-600
- Key theme: Faith and obedience
- Application: Reflect on God's guidance"
2,12,25,Acts 2:19,Acts of the Apostles pp. 1-4,1,4,The Great Controversy pp. 614-617,614,617,1225,Sample text from Acts of the Apostles pages 1-4. This is placeholder content for the daily reading.,Sample text from The Great Controversy pages 614-617.,"- Reading covers Acts of the Apostles pages 1-4
- Key theme: Faith and obedience
- Application: Reflect on God's guidance"
2,12,26,Acts 25:10,Acts of the Apostles pp. 5-8,5,8,The Great Controversy pp. 334-337,334,337,1226,Sample text from Acts of the Apostles pages 5-8. This is placeholder content for the daily reading.,Sample text from The Great Controversy pages 334-337.,"- Reading covers Acts of the Apostles pages 5-8
- Key theme: Faith and obedience
- Application: Reflect on God's guidance"
2,12,27,Acts 24:8,Acts of the Apostles pp. 9-13,9,13,The Great Controversy pp. 113-116,113,116,1227,Sample text from Acts of the Apostles pages 9-13. This is placeholder content for the daily reading.,Sample text from The Great Controversy pages 113-116.,"- Reading covers Acts of the Apostles pages 9-13
- Key theme: Faith and obedience
- Application: Reflect on God's guidance"
2,12,28,Acts 10:4,Acts of the Apostles pp. 14-18,14,18,The Great Controversy pp. 473-475,473,475,1228,Sample text from Acts of the Apostles pages 14-18. This is placeholder content for the daily reading.,Sample text from The Great Controversy pages 473-475.,"- Reading covers Acts of the Apostles pages 14-18
- Key theme: Faith and obedience
- Application: Reflect on God's guidance"
2,12,29,Acts 19:5,Acts of the Apostles pp. 19-23,19,23,The Great Controversy pp. 546-548,546,548,1229,Sample text from Acts of the Apostles pages 19-23. This is placeholder content for the daily reading.,Sample text from The Great Controversy pages 546-548.,"- Reading covers Acts of the Apostles pages 19-23
- Key theme: Faith and obedience
- Application: Reflect on God's guidance"
2,12,30,Acts 4:12,Acts of the Apostles pp. 24-29,24,29,The Great Controversy pp. 298-300,298,300,1230,Sample text from Acts of the Apostles pages 24-29. This is placeholder content for the daily reading.,Sample text from The Great Controversy pages 298-300.,"- Reading covers Acts of the Apostles pages 24-29
- Key theme: Faith and obedience
- Application: Reflect on God's guidance"
2,12,31,Acts 18:14,Acts of the Apostles pp. 30-34,30,34,The Great Controversy pp. 7-9,7,9,1231,Sample text from Acts of the Apostles pages 30-34. This is placeholder content for the daily reading.,Sample text from The Great Controversy pages 7-9.,"- Reading covers Acts of the Apostles pages 30-34
- Key theme: Faith and obedience
- Application: Reflect on God's guidance"
